Date,Order number,Category,Category name,Origin,Remaining (MT)
2026-08-04,058600,1A,Non Alloy and Other Alloy Hot Rolled Sheets and Strips,EU,69090
2026-08-04,058601,1A,Non Alloy and Other Alloy Hot Rolled Sheets and Strips,India,8057
2026-08-04,058602,1A,Non Alloy and Other Alloy Hot Rolled Sheets and Strips,Korea (the Republic of),818
2026-08-04,058603,1A,Non Alloy and Other Alloy Hot Rolled Sheets and Strips,Residual,2071
2026-08-04,058604,4,Metallic Coated Sheets,EU,92351
2026-08-04,058605,4,Metallic Coated Sheets,India,26744
2026-08-04,058606,4,Metallic Coated Sheets,Korea (the Republic of),18966
2026-08-04,058607,4,Metallic Coated Sheets,Vietnam,43495
2026-08-04,058608,4,Metallic Coated Sheets,Residual,15218
2026-08-04,058609,5,Organic Coated Sheets,EU,3472
2026-08-04,058610,5,Organic Coated Sheets,Korea (the Republic of),4622
2026-08-04,058611,5,Organic Coated Sheets,Residual,563
2026-08-04,058612,6,Tin Mill Products,EU,9253
2026-08-04,058613,6,Tin Mill Products,Japan,78
2026-08-04,058614,6,Tin Mill Products,Korea (the Republic of),295
2026-08-04,058615,6,Tin Mill Products,Residual,5876
2026-08-04,058616,7,Non-Alloy and Other Alloy Quarto Plates,EU,37451
2026-08-04,058617,7,Non-Alloy and Other Alloy Quarto Plates,Korea (the Republic of),8444
2026-08-04,058618,7,Non-Alloy and Other Alloy Quarto Plates,United States of America (the),190
2026-08-04,058619,7,Non-Alloy and Other Alloy Quarto Plates,Residual,2169
2026-08-04,058620,12A,Alloy Merchant Bars and Light Sections,EU,16042
2026-08-04,058621,12A,Alloy Merchant Bars and Light Sections,Residual,5167
2026-08-04,058622,12B,Non Alloy Merchant Bars and Light Sections,EU,1071
2026-08-04,058623,12B,Non Alloy Merchant Bars and Light Sections,Turkey,318
2026-08-04,058624,12B,Non Alloy Merchant Bars and Light Sections,Residual,0
2026-08-04,058625,13,Rebars,EU,29429
2026-08-04,058626,13,Rebars,Turkey,5308
2026-08-04,058627,13,Rebars,Residual,2
2026-08-04,058628,14,Stainless Bars and Light Sections,EU,2155
2026-08-04,058629,14,Stainless Bars and Light Sections,United States of America (the),381
2026-08-04,058630,14,Stainless Bars and Light Sections,Residual,54
2026-08-04,058634,16,Non-alloy and other alloy wire rod,EU,31388
2026-08-04,058635,16,Non-alloy and other alloy wire rod,Residual,1357
2026-08-04,058636,17,"Angles, shapes, and sections of iron or non-alloy steel",EU,44440
2026-08-04,058637,17,"Angles, shapes, and sections of iron or non-alloy steel",Korea (the Republic of),729
2026-08-04,058638,17,"Angles, shapes, and sections of iron or non-alloy steel",United States of America (the),213
2026-08-04,058639,17,"Angles, shapes, and sections of iron or non-alloy steel",Residual,2247
2026-08-04,058642,20,Gas Pipes,EU,3127
2026-08-04,058643,20,Gas Pipes,India,1208
2026-08-04,058644,20,Gas Pipes,Turkey,4390
2026-08-04,058645,20,Gas Pipes,Residual,1221
2026-08-04,058646,21,Hollow Sections,EU,3468
2026-08-04,058647,21,Hollow Sections,Turkey,19603
2026-08-04,058648,21,Hollow Sections,Residual,2464
2026-08-05,058600,1A,Non Alloy and Other Alloy Hot Rolled Sheets and Strips,EU,68638
2026-08-05,058601,1A,Non Alloy and Other Alloy Hot Rolled Sheets and Strips,India,8057
2026-08-05,058602,1A,Non Alloy and Other Alloy Hot Rolled Sheets and Strips,Korea (the Republic of),818
2026-08-05,058603,1A,Non Alloy and Other Alloy Hot Rolled Sheets and Strips,Residual,2071
2026-08-05,058604,4,Metallic Coated Sheets,EU,91162
2026-08-05,058605,4,Metallic Coated Sheets,India,20617
2026-08-05,058606,4,Metallic Coated Sheets,Korea (the Republic of),18966
2026-08-05,058607,4,Metallic Coated Sheets,Vietnam,43495
2026-08-05,058608,4,Metallic Coated Sheets,Residual,15212
2026-08-05,058609,5,Organic Coated Sheets,EU,3363
2026-08-05,058610,5,Organic Coated Sheets,Korea (the Republic of),4622
2026-08-05,058611,5,Organic Coated Sheets,Residual,437
2026-08-05,058612,6,Tin Mill Products,EU,9230
2026-08-05,058613,6,Tin Mill Products,Japan,78
2026-08-05,058614,6,Tin Mill Products,Korea (the Republic of),295
2026-08-05,058615,6,Tin Mill Products,Residual,5876
2026-08-05,058616,7,Non-Alloy and Other Alloy Quarto Plates,EU,37221
2026-08-05,058617,7,Non-Alloy and Other Alloy Quarto Plates,Korea (the Republic of),8444
2026-08-05,058618,7,Non-Alloy and Other Alloy Quarto Plates,United States of America (the),190
2026-08-05,058619,7,Non-Alloy and Other Alloy Quarto Plates,Residual,2169
2026-08-05,058620,12A,Alloy Merchant Bars and Light Sections,EU,15214
2026-08-05,058621,12A,Alloy Merchant Bars and Light Sections,Residual,5167
2026-08-05,058622,12B,Non Alloy Merchant Bars and Light Sections,EU,1037
2026-08-05,058623,12B,Non Alloy Merchant Bars and Light Sections,Turkey,318
2026-08-05,058624,12B,Non Alloy Merchant Bars and Light Sections,Residual,0
2026-08-05,058625,13,Rebars,EU,26900
2026-08-05,058626,13,Rebars,Turkey,5308
2026-08-05,058627,13,Rebars,Residual,2
2026-08-05,058628,14,Stainless Bars and Light Sections,EU,2035
2026-08-05,058629,14,Stainless Bars and Light Sections,United States of America (the),381
2026-08-05,058630,14,Stainless Bars and Light Sections,Residual,40
2026-08-05,058634,16,Non-alloy and other alloy wire rod,EU,30120
2026-08-05,058635,16,Non-alloy and other alloy wire rod,Residual,1357
2026-08-05,058636,17,"Angles, shapes, and sections of iron or non-alloy steel",EU,39648
2026-08-05,058637,17,"Angles, shapes, and sections of iron or non-alloy steel",Korea (the Republic of),729
2026-08-05,058638,17,"Angles, shapes, and sections of iron or non-alloy steel",United States of America (the),213
2026-08-05,058639,17,"Angles, shapes, and sections of iron or non-alloy steel",Residual,2247
2026-08-05,058642,20,Gas Pipes,EU,3084
2026-08-05,058643,20,Gas Pipes,India,1061
2026-08-05,058644,20,Gas Pipes,Turkey,4237
2026-08-05,058645,20,Gas Pipes,Residual,1218
2026-08-05,058646,21,Hollow Sections,EU,3326
2026-08-05,058647,21,Hollow Sections,Turkey,19603
2026-08-05,058648,21,Hollow Sections,Residual,2438
2026-08-06,058600,1A,Non Alloy and Other Alloy Hot Rolled Sheets and Strips,EU,66483
2026-08-06,058601,1A,Non Alloy and Other Alloy Hot Rolled Sheets and Strips,India,8057
2026-08-06,058602,1A,Non Alloy and Other Alloy Hot Rolled Sheets and Strips,Korea (the Republic of),818
2026-08-06,058603,1A,Non Alloy and Other Alloy Hot Rolled Sheets and Strips,Residual,2071
2026-08-06,058604,4,Metallic Coated Sheets,EU,88865
2026-08-06,058605,4,Metallic Coated Sheets,India,20617
2026-08-06,058606,4,Metallic Coated Sheets,Korea (the Republic of),18966
2026-08-06,058607,4,Metallic Coated Sheets,Vietnam,43495
2026-08-06,058608,4,Metallic Coated Sheets,Residual,15059
2026-08-06,058609,5,Organic Coated Sheets,EU,3310
2026-08-06,058610,5,Organic Coated Sheets,Korea (the Republic of),4622
2026-08-06,058611,5,Organic Coated Sheets,Residual,323
2026-08-06,058612,6,Tin Mill Products,EU,9207
2026-08-06,058613,6,Tin Mill Products,Japan,78
2026-08-06,058614,6,Tin Mill Products,Korea (the Republic of),295
2026-08-06,058615,6,Tin Mill Products,Residual,5876
2026-08-06,058616,7,Non-Alloy and Other Alloy Quarto Plates,EU,36949
2026-08-06,058617,7,Non-Alloy and Other Alloy Quarto Plates,Korea (the Republic of),8444
2026-08-06,058618,7,Non-Alloy and Other Alloy Quarto Plates,United States of America (the),190
2026-08-06,058619,7,Non-Alloy and Other Alloy Quarto Plates,Residual,2169
2026-08-06,058620,12A,Alloy Merchant Bars and Light Sections,EU,14703
2026-08-06,058621,12A,Alloy Merchant Bars and Light Sections,Residual,5166
2026-08-06,058622,12B,Non Alloy Merchant Bars and Light Sections,EU,1004
2026-08-06,058623,12B,Non Alloy Merchant Bars and Light Sections,Turkey,318
2026-08-06,058624,12B,Non Alloy Merchant Bars and Light Sections,Residual,0
2026-08-06,058625,13,Rebars,EU,26864
2026-08-06,058626,13,Rebars,Turkey,5308
2026-08-06,058627,13,Rebars,Residual,2
2026-08-06,058628,14,Stainless Bars and Light Sections,EU,1909
2026-08-06,058629,14,Stainless Bars and Light Sections,United States of America (the),381
2026-08-06,058630,14,Stainless Bars and Light Sections,Residual,40
2026-08-06,058634,16,Non-alloy and other alloy wire rod,EU,29895
2026-08-06,058635,16,Non-alloy and other alloy wire rod,Residual,1357
2026-08-06,058636,17,"Angles, shapes, and sections of iron or non-alloy steel",EU,38454
2026-08-06,058637,17,"Angles, shapes, and sections of iron or non-alloy steel",Korea (the Republic of),729
2026-08-06,058638,17,"Angles, shapes, and sections of iron or non-alloy steel",United States of America (the),213
2026-08-06,058639,17,"Angles, shapes, and sections of iron or non-alloy steel",Residual,2247
2026-08-06,058642,20,Gas Pipes,EU,3006
2026-08-06,058643,20,Gas Pipes,India,1061
2026-08-06,058644,20,Gas Pipes,Turkey,4237
2026-08-06,058645,20,Gas Pipes,Residual,1218
2026-08-06,058646,21,Hollow Sections,EU,3209
2026-08-06,058647,21,Hollow Sections,Turkey,19603
2026-08-06,058648,21,Hollow Sections,Residual,2437
2026-08-07,058600,1A,Non Alloy and Other Alloy Hot Rolled Sheets and Strips,EU,65974
2026-08-07,058601,1A,Non Alloy and Other Alloy Hot Rolled Sheets and Strips,India,8057
2026-08-07,058602,1A,Non Alloy and Other Alloy Hot Rolled Sheets and Strips,Korea (the Republic of),818
2026-08-07,058603,1A,Non Alloy and Other Alloy Hot Rolled Sheets and Strips,Residual,2071
2026-08-07,058604,4,Metallic Coated Sheets,EU,87938
2026-08-07,058605,4,Metallic Coated Sheets,India,20617
2026-08-07,058606,4,Metallic Coated Sheets,Korea (the Republic of),18966
2026-08-07,058607,4,Metallic Coated Sheets,Vietnam,43495
2026-08-07,058608,4,Metallic Coated Sheets,Residual,14759
2026-08-07,058609,5,Organic Coated Sheets,EU,3114
2026-08-07,058610,5,Organic Coated Sheets,Korea (the Republic of),4622
2026-08-07,058611,5,Organic Coated Sheets,Residual,323
2026-08-07,058612,6,Tin Mill Products,EU,9206
2026-08-07,058613,6,Tin Mill Products,Japan,78
2026-08-07,058614,6,Tin Mill Products,Korea (the Republic of),281
2026-08-07,058615,6,Tin Mill Products,Residual,5876
2026-08-07,058616,7,Non-Alloy and Other Alloy Quarto Plates,EU,36793
2026-08-07,058617,7,Non-Alloy and Other Alloy Quarto Plates,Korea (the Republic of),8444
2026-08-07,058618,7,Non-Alloy and Other Alloy Quarto Plates,United States of America (the),190
2026-08-07,058619,7,Non-Alloy and Other Alloy Quarto Plates,Residual,2169
2026-08-07,058620,12A,Alloy Merchant Bars and Light Sections,EU,14618
2026-08-07,058621,12A,Alloy Merchant Bars and Light Sections,Residual,5166
2026-08-07,058622,12B,Non Alloy Merchant Bars and Light Sections,EU,855
2026-08-07,058623,12B,Non Alloy Merchant Bars and Light Sections,Turkey,309
2026-08-07,058624,12B,Non Alloy Merchant Bars and Light Sections,Residual,0
2026-08-07,058625,13,Rebars,EU,24331
2026-08-07,058626,13,Rebars,Turkey,5308
2026-08-07,058627,13,Rebars,Residual,2
2026-08-07,058628,14,Stainless Bars and Light Sections,EU,1884
2026-08-07,058629,14,Stainless Bars and Light Sections,United States of America (the),381
2026-08-07,058630,14,Stainless Bars and Light Sections,Residual,37
2026-08-07,058634,16,Non-alloy and other alloy wire rod,EU,29771
2026-08-07,058635,16,Non-alloy and other alloy wire rod,Residual,1357
2026-08-07,058636,17,"Angles, shapes, and sections of iron or non-alloy steel",EU,38454
2026-08-07,058637,17,"Angles, shapes, and sections of iron or non-alloy steel",Korea (the Republic of),729
2026-08-07,058638,17,"Angles, shapes, and sections of iron or non-alloy steel",United States of America (the),213
2026-08-07,058639,17,"Angles, shapes, and sections of iron or non-alloy steel",Residual,2247
2026-08-07,058642,20,Gas Pipes,EU,2967
2026-08-07,058643,20,Gas Pipes,India,1061
2026-08-07,058644,20,Gas Pipes,Turkey,4237
2026-08-07,058645,20,Gas Pipes,Residual,1217
2026-08-07,058646,21,Hollow Sections,EU,3060
2026-08-07,058647,21,Hollow Sections,Turkey,19603
2026-08-07,058648,21,Hollow Sections,Residual,2437
2026-08-08,058600,1A,Non Alloy and Other Alloy Hot Rolled Sheets and Strips,EU,64830
2026-08-08,058601,1A,Non Alloy and Other Alloy Hot Rolled Sheets and Strips,India,8057
2026-08-08,058602,1A,Non Alloy and Other Alloy Hot Rolled Sheets and Strips,Korea (the Republic of),818
2026-08-08,058603,1A,Non Alloy and Other Alloy Hot Rolled Sheets and Strips,Residual,1918
2026-08-08,058604,4,Metallic Coated Sheets,EU,85887
2026-08-08,058605,4,Metallic Coated Sheets,India,20617
2026-08-08,058606,4,Metallic Coated Sheets,Korea (the Republic of),18966
2026-08-08,058607,4,Metallic Coated Sheets,Vietnam,43495
2026-08-08,058608,4,Metallic Coated Sheets,Residual,14758
2026-08-08,058609,5,Organic Coated Sheets,EU,3027
2026-08-08,058610,5,Organic Coated Sheets,Korea (the Republic of),4622
2026-08-08,058611,5,Organic Coated Sheets,Residual,323
2026-08-08,058612,6,Tin Mill Products,EU,9196
2026-08-08,058613,6,Tin Mill Products,Japan,78
2026-08-08,058614,6,Tin Mill Products,Korea (the Republic of),281
2026-08-08,058615,6,Tin Mill Products,Residual,5876
2026-08-08,058616,7,Non-Alloy and Other Alloy Quarto Plates,EU,36480
2026-08-08,058617,7,Non-Alloy and Other Alloy Quarto Plates,Korea (the Republic of),8444
2026-08-08,058618,7,Non-Alloy and Other Alloy Quarto Plates,United States of America (the),190
2026-08-08,058619,7,Non-Alloy and Other Alloy Quarto Plates,Residual,2131
2026-08-08,058620,12A,Alloy Merchant Bars and Light Sections,EU,14574
2026-08-08,058621,12A,Alloy Merchant Bars and Light Sections,Residual,5166
2026-08-08,058622,12B,Non Alloy Merchant Bars and Light Sections,EU,702
2026-08-08,058623,12B,Non Alloy Merchant Bars and Light Sections,Turkey,309
2026-08-08,058624,12B,Non Alloy Merchant Bars and Light Sections,Residual,0
2026-08-08,058625,13,Rebars,EU,24327
2026-08-08,058626,13,Rebars,Turkey,5308
2026-08-08,058627,13,Rebars,Residual,2
2026-08-08,058628,14,Stainless Bars and Light Sections,EU,1877
2026-08-08,058629,14,Stainless Bars and Light Sections,United States of America (the),381
2026-08-08,058630,14,Stainless Bars and Light Sections,Residual,37
2026-08-08,058634,16,Non-alloy and other alloy wire rod,EU,29748
2026-08-08,058635,16,Non-alloy and other alloy wire rod,Residual,1357
2026-08-08,058636,17,"Angles, shapes, and sections of iron or non-alloy steel",EU,38454
2026-08-08,058637,17,"Angles, shapes, and sections of iron or non-alloy steel",Korea (the Republic of),729
2026-08-08,058638,17,"Angles, shapes, and sections of iron or non-alloy steel",United States of America (the),213
2026-08-08,058639,17,"Angles, shapes, and sections of iron or non-alloy steel",Residual,1939
2026-08-08,058642,20,Gas Pipes,EU,2963
2026-08-08,058643,20,Gas Pipes,India,1035
2026-08-08,058644,20,Gas Pipes,Turkey,4011
2026-08-08,058645,20,Gas Pipes,Residual,1217
2026-08-08,058646,21,Hollow Sections,EU,2912
2026-08-08,058647,21,Hollow Sections,Turkey,19603
2026-08-08,058648,21,Hollow Sections,Residual,2436
2026-08-09,058600,1A,Non Alloy and Other Alloy Hot Rolled Sheets and Strips,EU,64830
2026-08-09,058601,1A,Non Alloy and Other Alloy Hot Rolled Sheets and Strips,India,8057
2026-08-09,058602,1A,Non Alloy and Other Alloy Hot Rolled Sheets and Strips,Korea (the Republic of),818
2026-08-09,058603,1A,Non Alloy and Other Alloy Hot Rolled Sheets and Strips,Residual,1918
2026-08-09,058604,4,Metallic Coated Sheets,EU,85887
2026-08-09,058605,4,Metallic Coated Sheets,India,20617
2026-08-09,058606,4,Metallic Coated Sheets,Korea (the Republic of),18966
2026-08-09,058607,4,Metallic Coated Sheets,Vietnam,43495
2026-08-09,058608,4,Metallic Coated Sheets,Residual,14758
2026-08-09,058609,5,Organic Coated Sheets,EU,3027
2026-08-09,058610,5,Organic Coated Sheets,Korea (the Republic of),4622
2026-08-09,058611,5,Organic Coated Sheets,Residual,323
2026-08-09,058612,6,Tin Mill Products,EU,9196
2026-08-09,058613,6,Tin Mill Products,Japan,78
2026-08-09,058614,6,Tin Mill Products,Korea (the Republic of),281
2026-08-09,058615,6,Tin Mill Products,Residual,5876
2026-08-09,058616,7,Non-Alloy and Other Alloy Quarto Plates,EU,36480
2026-08-09,058617,7,Non-Alloy and Other Alloy Quarto Plates,Korea (the Republic of),8444
2026-08-09,058618,7,Non-Alloy and Other Alloy Quarto Plates,United States of America (the),190
2026-08-09,058619,7,Non-Alloy and Other Alloy Quarto Plates,Residual,2131
2026-08-09,058620,12A,Alloy Merchant Bars and Light Sections,EU,14574
2026-08-09,058621,12A,Alloy Merchant Bars and Light Sections,Residual,5166
2026-08-09,058622,12B,Non Alloy Merchant Bars and Light Sections,EU,702
2026-08-09,058623,12B,Non Alloy Merchant Bars and Light Sections,Turkey,309
2026-08-09,058624,12B,Non Alloy Merchant Bars and Light Sections,Residual,0
2026-08-09,058625,13,Rebars,EU,24327
2026-08-09,058626,13,Rebars,Turkey,5308
2026-08-09,058627,13,Rebars,Residual,2
2026-08-09,058628,14,Stainless Bars and Light Sections,EU,1877
2026-08-09,058629,14,Stainless Bars and Light Sections,United States of America (the),381
2026-08-09,058630,14,Stainless Bars and Light Sections,Residual,37
2026-08-09,058634,16,Non-alloy and other alloy wire rod,EU,29748
2026-08-09,058635,16,Non-alloy and other alloy wire rod,Residual,1357
2026-08-09,058636,17,"Angles, shapes, and sections of iron or non-alloy steel",EU,38454
2026-08-09,058637,17,"Angles, shapes, and sections of iron or non-alloy steel",Korea (the Republic of),729
2026-08-09,058638,17,"Angles, shapes, and sections of iron or non-alloy steel",United States of America (the),213
2026-08-09,058639,17,"Angles, shapes, and sections of iron or non-alloy steel",Residual,1939
2026-08-09,058642,20,Gas Pipes,EU,2963
2026-08-09,058643,20,Gas Pipes,India,1035
2026-08-09,058644,20,Gas Pipes,Turkey,4011
2026-08-09,058645,20,Gas Pipes,Residual,1217
2026-08-09,058646,21,Hollow Sections,EU,2912
2026-08-09,058647,21,Hollow Sections,Turkey,19603
2026-08-09,058648,21,Hollow Sections,Residual,2436
2026-08-10,058600,1A,Non Alloy and Other Alloy Hot Rolled Sheets and Strips,EU,64830
2026-08-10,058601,1A,Non Alloy and Other Alloy Hot Rolled Sheets and Strips,India,8057
2026-08-10,058602,1A,Non Alloy and Other Alloy Hot Rolled Sheets and Strips,Korea (the Republic of),818
2026-08-10,058603,1A,Non Alloy and Other Alloy Hot Rolled Sheets and Strips,Residual,1918
2026-08-10,058604,4,Metallic Coated Sheets,EU,85887
2026-08-10,058605,4,Metallic Coated Sheets,India,20617
2026-08-10,058606,4,Metallic Coated Sheets,Korea (the Republic of),18966
2026-08-10,058607,4,Metallic Coated Sheets,Vietnam,43495
2026-08-10,058608,4,Metallic Coated Sheets,Residual,14758
2026-08-10,058609,5,Organic Coated Sheets,EU,3027
2026-08-10,058610,5,Organic Coated Sheets,Korea (the Republic of),4622
2026-08-10,058611,5,Organic Coated Sheets,Residual,323
2026-08-10,058612,6,Tin Mill Products,EU,9196
2026-08-10,058613,6,Tin Mill Products,Japan,78
2026-08-10,058614,6,Tin Mill Products,Korea (the Republic of),281
2026-08-10,058615,6,Tin Mill Products,Residual,5876
2026-08-10,058616,7,Non-Alloy and Other Alloy Quarto Plates,EU,36480
2026-08-10,058617,7,Non-Alloy and Other Alloy Quarto Plates,Korea (the Republic of),8444
2026-08-10,058618,7,Non-Alloy and Other Alloy Quarto Plates,United States of America (the),190
2026-08-10,058619,7,Non-Alloy and Other Alloy Quarto Plates,Residual,2131
2026-08-10,058620,12A,Alloy Merchant Bars and Light Sections,EU,14574
2026-08-10,058621,12A,Alloy Merchant Bars and Light Sections,Residual,5166
2026-08-10,058622,12B,Non Alloy Merchant Bars and Light Sections,EU,702
2026-08-10,058623,12B,Non Alloy Merchant Bars and Light Sections,Turkey,309
2026-08-10,058624,12B,Non Alloy Merchant Bars and Light Sections,Residual,0
2026-08-10,058625,13,Rebars,EU,24327
2026-08-10,058626,13,Rebars,Turkey,5308
2026-08-10,058627,13,Rebars,Residual,2
2026-08-10,058628,14,Stainless Bars and Light Sections,EU,1877
2026-08-10,058629,14,Stainless Bars and Light Sections,United States of America (the),381
2026-08-10,058630,14,Stainless Bars and Light Sections,Residual,37
2026-08-10,058634,16,Non-alloy and other alloy wire rod,EU,29748
2026-08-10,058635,16,Non-alloy and other alloy wire rod,Residual,1357
2026-08-10,058636,17,"Angles, shapes, and sections of iron or non-alloy steel",EU,38454
2026-08-10,058637,17,"Angles, shapes, and sections of iron or non-alloy steel",Korea (the Republic of),729
2026-08-10,058638,17,"Angles, shapes, and sections of iron or non-alloy steel",United States of America (the),213
2026-08-10,058639,17,"Angles, shapes, and sections of iron or non-alloy steel",Residual,1939
2026-08-10,058642,20,Gas Pipes,EU,2963
2026-08-10,058643,20,Gas Pipes,India,1035
2026-08-10,058644,20,Gas Pipes,Turkey,4011
2026-08-10,058645,20,Gas Pipes,Residual,1217
2026-08-10,058646,21,Hollow Sections,EU,2912
2026-08-10,058647,21,Hollow Sections,Turkey,19603
2026-08-10,058648,21,Hollow Sections,Residual,2436
2026-08-11,058600,1A,Non Alloy and Other Alloy Hot Rolled Sheets and Strips,EU,64471
2026-08-11,058601,1A,Non Alloy and Other Alloy Hot Rolled Sheets and Strips,India,8057
2026-08-11,058602,1A,Non Alloy and Other Alloy Hot Rolled Sheets and Strips,Korea (the Republic of),818
2026-08-11,058603,1A,Non Alloy and Other Alloy Hot Rolled Sheets and Strips,Residual,1918
2026-08-11,058604,4,Metallic Coated Sheets,EU,82088
2026-08-11,058605,4,Metallic Coated Sheets,India,20617
2026-08-11,058606,4,Metallic Coated Sheets,Korea (the Republic of),18966
2026-08-11,058607,4,Metallic Coated Sheets,Vietnam,43495
2026-08-11,058608,4,Metallic Coated Sheets,Residual,14753
2026-08-11,058609,5,Organic Coated Sheets,EU,2173
2026-08-11,058610,5,Organic Coated Sheets,Korea (the Republic of),4622
2026-08-11,058611,5,Organic Coated Sheets,Residual,323
2026-08-11,058612,6,Tin Mill Products,EU,9190
2026-08-11,058613,6,Tin Mill Products,Japan,78
2026-08-11,058614,6,Tin Mill Products,Korea (the Republic of),281
2026-08-11,058615,6,Tin Mill Products,Residual,5876
2026-08-11,058616,7,Non-Alloy and Other Alloy Quarto Plates,EU,36233
2026-08-11,058617,7,Non-Alloy and Other Alloy Quarto Plates,Korea (the Republic of),8444
2026-08-11,058618,7,Non-Alloy and Other Alloy Quarto Plates,United States of America (the),190
2026-08-11,058619,7,Non-Alloy and Other Alloy Quarto Plates,Residual,2024
2026-08-11,058620,12A,Alloy Merchant Bars and Light Sections,EU,14542
2026-08-11,058621,12A,Alloy Merchant Bars and Light Sections,Residual,5166
2026-08-11,058622,12B,Non Alloy Merchant Bars and Light Sections,EU,650
2026-08-11,058623,12B,Non Alloy Merchant Bars and Light Sections,Turkey,309
2026-08-11,058624,12B,Non Alloy Merchant Bars and Light Sections,Residual,0
2026-08-11,058625,13,Rebars,EU,24269
2026-08-11,058626,13,Rebars,Turkey,5308
2026-08-11,058627,13,Rebars,Residual,2
2026-08-11,058628,14,Stainless Bars and Light Sections,EU,1844
2026-08-11,058629,14,Stainless Bars and Light Sections,United States of America (the),379
2026-08-11,058630,14,Stainless Bars and Light Sections,Residual,20
2026-08-11,058634,16,Non-alloy and other alloy wire rod,EU,29592
2026-08-11,058635,16,Non-alloy and other alloy wire rod,Residual,0
2026-08-11,058636,17,"Angles, shapes, and sections of iron or non-alloy steel",EU,38447
2026-08-11,058637,17,"Angles, shapes, and sections of iron or non-alloy steel",Korea (the Republic of),729
2026-08-11,058638,17,"Angles, shapes, and sections of iron or non-alloy steel",United States of America (the),213
2026-08-11,058639,17,"Angles, shapes, and sections of iron or non-alloy steel",Residual,1935
2026-08-11,058642,20,Gas Pipes,EU,2853
2026-08-11,058643,20,Gas Pipes,India,923
2026-08-11,058644,20,Gas Pipes,Turkey,4011
2026-08-11,058645,20,Gas Pipes,Residual,1217
2026-08-11,058646,21,Hollow Sections,EU,2774
2026-08-11,058647,21,Hollow Sections,Turkey,19603
2026-08-11,058648,21,Hollow Sections,Residual,2421
2026-08-12,058600,1A,Non Alloy and Other Alloy Hot Rolled Sheets and Strips,EU,64339
2026-08-12,058601,1A,Non Alloy and Other Alloy Hot Rolled Sheets and Strips,India,8057
2026-08-12,058602,1A,Non Alloy and Other Alloy Hot Rolled Sheets and Strips,Korea (the Republic of),818
2026-08-12,058603,1A,Non Alloy and Other Alloy Hot Rolled Sheets and Strips,Residual,1918
2026-08-12,058604,4,Metallic Coated Sheets,EU,79033
2026-08-12,058605,4,Metallic Coated Sheets,India,20617
2026-08-12,058606,4,Metallic Coated Sheets,Korea (the Republic of),18966
2026-08-12,058607,4,Metallic Coated Sheets,Vietnam,43495
2026-08-12,058608,4,Metallic Coated Sheets,Residual,14753
2026-08-12,058609,5,Organic Coated Sheets,EU,2014
2026-08-12,058610,5,Organic Coated Sheets,Korea (the Republic of),4622
2026-08-12,058611,5,Organic Coated Sheets,Residual,323
2026-08-12,058612,6,Tin Mill Products,EU,9190
2026-08-12,058613,6,Tin Mill Products,Japan,78
2026-08-12,058614,6,Tin Mill Products,Korea (the Republic of),280
2026-08-12,058615,6,Tin Mill Products,Residual,5876
2026-08-12,058616,7,Non-Alloy and Other Alloy Quarto Plates,EU,36086
2026-08-12,058617,7,Non-Alloy and Other Alloy Quarto Plates,Korea (the Republic of),8444
2026-08-12,058618,7,Non-Alloy and Other Alloy Quarto Plates,United States of America (the),190
2026-08-12,058619,7,Non-Alloy and Other Alloy Quarto Plates,Residual,2024
2026-08-12,058620,12A,Alloy Merchant Bars and Light Sections,EU,14526
2026-08-12,058621,12A,Alloy Merchant Bars and Light Sections,Residual,5147
2026-08-12,058622,12B,Non Alloy Merchant Bars and Light Sections,EU,634
2026-08-12,058623,12B,Non Alloy Merchant Bars and Light Sections,Turkey,309
2026-08-12,058624,12B,Non Alloy Merchant Bars and Light Sections,Residual,0
2026-08-12,058625,13,Rebars,EU,24246
2026-08-12,058626,13,Rebars,Turkey,5308
2026-08-12,058627,13,Rebars,Residual,2
2026-08-12,058628,14,Stainless Bars and Light Sections,EU,1807
2026-08-12,058629,14,Stainless Bars and Light Sections,United States of America (the),376
2026-08-12,058630,14,Stainless Bars and Light Sections,Residual,11
2026-08-12,058634,16,Non-alloy and other alloy wire rod,EU,29592
2026-08-12,058635,16,Non-alloy and other alloy wire rod,Residual,0
2026-08-12,058636,17,"Angles, shapes, and sections of iron or non-alloy steel",EU,38433
2026-08-12,058637,17,"Angles, shapes, and sections of iron or non-alloy steel",Korea (the Republic of),729
2026-08-12,058638,17,"Angles, shapes, and sections of iron or non-alloy steel",United States of America (the),213
2026-08-12,058639,17,"Angles, shapes, and sections of iron or non-alloy steel",Residual,1935
2026-08-12,058642,20,Gas Pipes,EU,2813
2026-08-12,058643,20,Gas Pipes,India,923
2026-08-12,058644,20,Gas Pipes,Turkey,3632
2026-08-12,058645,20,Gas Pipes,Residual,1217
2026-08-12,058646,21,Hollow Sections,EU,2696
2026-08-12,058647,21,Hollow Sections,Turkey,19603
2026-08-12,058648,21,Hollow Sections,Residual,2316
2026-08-13,058600,1A,Non Alloy and Other Alloy Hot Rolled Sheets and Strips,EU,62782
2026-08-13,058601,1A,Non Alloy and Other Alloy Hot Rolled Sheets and Strips,India,8057
2026-08-13,058602,1A,Non Alloy and Other Alloy Hot Rolled Sheets and Strips,Korea (the Republic of),818
2026-08-13,058603,1A,Non Alloy and Other Alloy Hot Rolled Sheets and Strips,Residual,1918
2026-08-13,058604,4,Metallic Coated Sheets,EU,78328
2026-08-13,058605,4,Metallic Coated Sheets,India,20617
2026-08-13,058606,4,Metallic Coated Sheets,Korea (the Republic of),18966
2026-08-13,058607,4,Metallic Coated Sheets,Vietnam,43495
2026-08-13,058608,4,Metallic Coated Sheets,Residual,14753
2026-08-13,058609,5,Organic Coated Sheets,EU,1671
2026-08-13,058610,5,Organic Coated Sheets,Korea (the Republic of),4622
2026-08-13,058611,5,Organic Coated Sheets,Residual,323
2026-08-13,058612,6,Tin Mill Products,EU,9179
2026-08-13,058613,6,Tin Mill Products,Japan,78
2026-08-13,058614,6,Tin Mill Products,Korea (the Republic of),280
2026-08-13,058615,6,Tin Mill Products,Residual,5876
2026-08-13,058616,7,Non-Alloy and Other Alloy Quarto Plates,EU,35981
2026-08-13,058617,7,Non-Alloy and Other Alloy Quarto Plates,Korea (the Republic of),8444
2026-08-13,058618,7,Non-Alloy and Other Alloy Quarto Plates,United States of America (the),190
2026-08-13,058619,7,Non-Alloy and Other Alloy Quarto Plates,Residual,2024
2026-08-13,058620,12A,Alloy Merchant Bars and Light Sections,EU,14514
2026-08-13,058621,12A,Alloy Merchant Bars and Light Sections,Residual,4824
2026-08-13,058622,12B,Non Alloy Merchant Bars and Light Sections,EU,589
2026-08-13,058623,12B,Non Alloy Merchant Bars and Light Sections,Turkey,308
2026-08-13,058624,12B,Non Alloy Merchant Bars and Light Sections,Residual,0
2026-08-13,058625,13,Rebars,EU,22241
2026-08-13,058626,13,Rebars,Turkey,5308
2026-08-13,058627,13,Rebars,Residual,2
2026-08-13,058628,14,Stainless Bars and Light Sections,EU,1783
2026-08-13,058629,14,Stainless Bars and Light Sections,United States of America (the),370
2026-08-13,058630,14,Stainless Bars and Light Sections,Residual,15
2026-08-13,058634,16,Non-alloy and other alloy wire rod,EU,28347
2026-08-13,058635,16,Non-alloy and other alloy wire rod,Residual,0
2026-08-13,058636,17,"Angles, shapes, and sections of iron or non-alloy steel",EU,38408
2026-08-13,058637,17,"Angles, shapes, and sections of iron or non-alloy steel",Korea (the Republic of),729
2026-08-13,058638,17,"Angles, shapes, and sections of iron or non-alloy steel",United States of America (the),213
2026-08-13,058639,17,"Angles, shapes, and sections of iron or non-alloy steel",Residual,1921
2026-08-13,058642,20,Gas Pipes,EU,2744
2026-08-13,058643,20,Gas Pipes,India,923
2026-08-13,058644,20,Gas Pipes,Turkey,3555
2026-08-13,058645,20,Gas Pipes,Residual,1216
2026-08-13,058646,21,Hollow Sections,EU,2657
2026-08-13,058647,21,Hollow Sections,Turkey,19603
2026-08-13,058648,21,Hollow Sections,Residual,2316
2026-08-14,058600,1A,Non Alloy and Other Alloy Hot Rolled Sheets and Strips,EU,62188
2026-08-14,058601,1A,Non Alloy and Other Alloy Hot Rolled Sheets and Strips,India,8057
2026-08-14,058602,1A,Non Alloy and Other Alloy Hot Rolled Sheets and Strips,Korea (the Republic of),818
2026-08-14,058603,1A,Non Alloy and Other Alloy Hot Rolled Sheets and Strips,Residual,1917
2026-08-14,058604,4,Metallic Coated Sheets,EU,75445
2026-08-14,058605,4,Metallic Coated Sheets,India,20617
2026-08-14,058606,4,Metallic Coated Sheets,Korea (the Republic of),18966
2026-08-14,058607,4,Metallic Coated Sheets,Vietnam,43495
2026-08-14,058608,4,Metallic Coated Sheets,Residual,14745
2026-08-14,058609,5,Organic Coated Sheets,EU,1628
2026-08-14,058610,5,Organic Coated Sheets,Korea (the Republic of),4622
2026-08-14,058611,5,Organic Coated Sheets,Residual,323
2026-08-14,058612,6,Tin Mill Products,EU,9137
2026-08-14,058613,6,Tin Mill Products,Japan,78
2026-08-14,058614,6,Tin Mill Products,Korea (the Republic of),280
2026-08-14,058615,6,Tin Mill Products,Residual,5876
2026-08-14,058616,7,Non-Alloy and Other Alloy Quarto Plates,EU,35696
2026-08-14,058617,7,Non-Alloy and Other Alloy Quarto Plates,Korea (the Republic of),8444
2026-08-14,058618,7,Non-Alloy and Other Alloy Quarto Plates,United States of America (the),189
2026-08-14,058619,7,Non-Alloy and Other Alloy Quarto Plates,Residual,2022
2026-08-14,058620,12A,Alloy Merchant Bars and Light Sections,EU,14414
2026-08-14,058621,12A,Alloy Merchant Bars and Light Sections,Residual,4824
2026-08-14,058622,12B,Non Alloy Merchant Bars and Light Sections,EU,588
2026-08-14,058623,12B,Non Alloy Merchant Bars and Light Sections,Turkey,308
2026-08-14,058624,12B,Non Alloy Merchant Bars and Light Sections,Residual,0
2026-08-14,058625,13,Rebars,EU,22194
2026-08-14,058626,13,Rebars,Turkey,5308
2026-08-14,058627,13,Rebars,Residual,2
2026-08-14,058628,14,Stainless Bars and Light Sections,EU,1757
2026-08-14,058629,14,Stainless Bars and Light Sections,United States of America (the),362
2026-08-14,058630,14,Stainless Bars and Light Sections,Residual,8
2026-08-14,058634,16,Non-alloy and other alloy wire rod,EU,28345
2026-08-14,058635,16,Non-alloy and other alloy wire rod,Residual,0
2026-08-14,058636,17,"Angles, shapes, and sections of iron or non-alloy steel",EU,38404
2026-08-14,058637,17,"Angles, shapes, and sections of iron or non-alloy steel",Korea (the Republic of),729
2026-08-14,058638,17,"Angles, shapes, and sections of iron or non-alloy steel",United States of America (the),213
2026-08-14,058639,17,"Angles, shapes, and sections of iron or non-alloy steel",Residual,1921
2026-08-14,058642,20,Gas Pipes,EU,2676
2026-08-14,058643,20,Gas Pipes,India,923
2026-08-14,058644,20,Gas Pipes,Turkey,3555
2026-08-14,058645,20,Gas Pipes,Residual,1216
2026-08-14,058646,21,Hollow Sections,EU,2609
2026-08-14,058647,21,Hollow Sections,Turkey,19603
2026-08-14,058648,21,Hollow Sections,Residual,2227
2026-08-15,058600,1A,Non Alloy and Other Alloy Hot Rolled Sheets and Strips,EU,61937
2026-08-15,058601,1A,Non Alloy and Other Alloy Hot Rolled Sheets and Strips,India,8057
2026-08-15,058602,1A,Non Alloy and Other Alloy Hot Rolled Sheets and Strips,Korea (the Republic of),818
2026-08-15,058603,1A,Non Alloy and Other Alloy Hot Rolled Sheets and Strips,Residual,1917
2026-08-15,058604,4,Metallic Coated Sheets,EU,75014
2026-08-15,058605,4,Metallic Coated Sheets,India,20617
2026-08-15,058606,4,Metallic Coated Sheets,Korea (the Republic of),18966
2026-08-15,058607,4,Metallic Coated Sheets,Vietnam,43495
2026-08-15,058608,4,Metallic Coated Sheets,Residual,14743
2026-08-15,058609,5,Organic Coated Sheets,EU,1604
2026-08-15,058610,5,Organic Coated Sheets,Korea (the Republic of),4622
2026-08-15,058611,5,Organic Coated Sheets,Residual,322
2026-08-15,058612,6,Tin Mill Products,EU,9113
2026-08-15,058613,6,Tin Mill Products,Japan,78
2026-08-15,058614,6,Tin Mill Products,Korea (the Republic of),280
2026-08-15,058615,6,Tin Mill Products,Residual,5876
2026-08-15,058616,7,Non-Alloy and Other Alloy Quarto Plates,EU,34331
2026-08-15,058617,7,Non-Alloy and Other Alloy Quarto Plates,Korea (the Republic of),8434
2026-08-15,058618,7,Non-Alloy and Other Alloy Quarto Plates,United States of America (the),189
2026-08-15,058619,7,Non-Alloy and Other Alloy Quarto Plates,Residual,2016
2026-08-15,058620,12A,Alloy Merchant Bars and Light Sections,EU,14355
2026-08-15,058621,12A,Alloy Merchant Bars and Light Sections,Residual,4824
2026-08-15,058622,12B,Non Alloy Merchant Bars and Light Sections,EU,551
2026-08-15,058623,12B,Non Alloy Merchant Bars and Light Sections,Turkey,308
2026-08-15,058624,12B,Non Alloy Merchant Bars and Light Sections,Residual,0
2026-08-15,058625,13,Rebars,EU,22194
2026-08-15,058626,13,Rebars,Turkey,5308
2026-08-15,058627,13,Rebars,Residual,2
2026-08-15,058628,14,Stainless Bars and Light Sections,EU,1755
2026-08-15,058629,14,Stainless Bars and Light Sections,United States of America (the),362
2026-08-15,058630,14,Stainless Bars and Light Sections,Residual,4
2026-08-15,058634,16,Non-alloy and other alloy wire rod,EU,28283
2026-08-15,058635,16,Non-alloy and other alloy wire rod,Residual,0
2026-08-15,058636,17,"Angles, shapes, and sections of iron or non-alloy steel",EU,37643
2026-08-15,058637,17,"Angles, shapes, and sections of iron or non-alloy steel",Korea (the Republic of),729
2026-08-15,058638,17,"Angles, shapes, and sections of iron or non-alloy steel",United States of America (the),213
2026-08-15,058639,17,"Angles, shapes, and sections of iron or non-alloy steel",Residual,1921
2026-08-15,058642,20,Gas Pipes,EU,2604
2026-08-15,058643,20,Gas Pipes,India,923
2026-08-15,058644,20,Gas Pipes,Turkey,3095
2026-08-15,058645,20,Gas Pipes,Residual,1216
2026-08-15,058646,21,Hollow Sections,EU,2444
2026-08-15,058647,21,Hollow Sections,Turkey,17453
2026-08-15,058648,21,Hollow Sections,Residual,2227
2026-08-16,058600,1A,Non Alloy and Other Alloy Hot Rolled Sheets and Strips,EU,61937
2026-08-16,058601,1A,Non Alloy and Other Alloy Hot Rolled Sheets and Strips,India,8057
2026-08-16,058602,1A,Non Alloy and Other Alloy Hot Rolled Sheets and Strips,Korea (the Republic of),818
2026-08-16,058603,1A,Non Alloy and Other Alloy Hot Rolled Sheets and Strips,Residual,1917
2026-08-16,058604,4,Metallic Coated Sheets,EU,75014
2026-08-16,058605,4,Metallic Coated Sheets,India,20617
2026-08-16,058606,4,Metallic Coated Sheets,Korea (the Republic of),18966
2026-08-16,058607,4,Metallic Coated Sheets,Vietnam,43495
2026-08-16,058608,4,Metallic Coated Sheets,Residual,14743
2026-08-16,058609,5,Organic Coated Sheets,EU,1604
2026-08-16,058610,5,Organic Coated Sheets,Korea (the Republic of),4622
2026-08-16,058611,5,Organic Coated Sheets,Residual,322
2026-08-16,058612,6,Tin Mill Products,EU,9113
2026-08-16,058613,6,Tin Mill Products,Japan,78
2026-08-16,058614,6,Tin Mill Products,Korea (the Republic of),280
2026-08-16,058615,6,Tin Mill Products,Residual,5876
2026-08-16,058616,7,Non-Alloy and Other Alloy Quarto Plates,EU,34331
2026-08-16,058617,7,Non-Alloy and Other Alloy Quarto Plates,Korea (the Republic of),8434
2026-08-16,058618,7,Non-Alloy and Other Alloy Quarto Plates,United States of America (the),189
2026-08-16,058619,7,Non-Alloy and Other Alloy Quarto Plates,Residual,2016
2026-08-16,058620,12A,Alloy Merchant Bars and Light Sections,EU,14355
2026-08-16,058621,12A,Alloy Merchant Bars and Light Sections,Residual,4824
2026-08-16,058622,12B,Non Alloy Merchant Bars and Light Sections,EU,551
2026-08-16,058623,12B,Non Alloy Merchant Bars and Light Sections,Turkey,308
2026-08-16,058624,12B,Non Alloy Merchant Bars and Light Sections,Residual,0
2026-08-16,058625,13,Rebars,EU,22194
2026-08-16,058626,13,Rebars,Turkey,5308
2026-08-16,058627,13,Rebars,Residual,2
2026-08-16,058628,14,Stainless Bars and Light Sections,EU,1755
2026-08-16,058629,14,Stainless Bars and Light Sections,United States of America (the),362
2026-08-16,058630,14,Stainless Bars and Light Sections,Residual,4
2026-08-16,058634,16,Non-alloy and other alloy wire rod,EU,28283
2026-08-16,058635,16,Non-alloy and other alloy wire rod,Residual,0
2026-08-16,058636,17,"Angles, shapes, and sections of iron or non-alloy steel",EU,37643
2026-08-16,058637,17,"Angles, shapes, and sections of iron or non-alloy steel",Korea (the Republic of),729
2026-08-16,058638,17,"Angles, shapes, and sections of iron or non-alloy steel",United States of America (the),213
2026-08-16,058639,17,"Angles, shapes, and sections of iron or non-alloy steel",Residual,1921
2026-08-16,058642,20,Gas Pipes,EU,2604
2026-08-16,058643,20,Gas Pipes,India,923
2026-08-16,058644,20,Gas Pipes,Turkey,3095
2026-08-16,058645,20,Gas Pipes,Residual,1216
2026-08-16,058646,21,Hollow Sections,EU,2444
2026-08-16,058647,21,Hollow Sections,Turkey,17453
2026-08-16,058648,21,Hollow Sections,Residual,2227
2026-08-17,058600,1A,Non Alloy and Other Alloy Hot Rolled Sheets and Strips,EU,61937
2026-08-17,058601,1A,Non Alloy and Other Alloy Hot Rolled Sheets and Strips,India,8057
2026-08-17,058602,1A,Non Alloy and Other Alloy Hot Rolled Sheets and Strips,Korea (the Republic of),818
2026-08-17,058603,1A,Non Alloy and Other Alloy Hot Rolled Sheets and Strips,Residual,1917
2026-08-17,058604,4,Metallic Coated Sheets,EU,75014
2026-08-17,058605,4,Metallic Coated Sheets,India,20617
2026-08-17,058606,4,Metallic Coated Sheets,Korea (the Republic of),18966
2026-08-17,058607,4,Metallic Coated Sheets,Vietnam,43495
2026-08-17,058608,4,Metallic Coated Sheets,Residual,14743
2026-08-17,058609,5,Organic Coated Sheets,EU,1604
2026-08-17,058610,5,Organic Coated Sheets,Korea (the Republic of),4622
2026-08-17,058611,5,Organic Coated Sheets,Residual,322
2026-08-17,058612,6,Tin Mill Products,EU,9113
2026-08-17,058613,6,Tin Mill Products,Japan,78
2026-08-17,058614,6,Tin Mill Products,Korea (the Republic of),280
2026-08-17,058615,6,Tin Mill Products,Residual,5876
2026-08-17,058616,7,Non-Alloy and Other Alloy Quarto Plates,EU,34331
2026-08-17,058617,7,Non-Alloy and Other Alloy Quarto Plates,Korea (the Republic of),8434
2026-08-17,058618,7,Non-Alloy and Other Alloy Quarto Plates,United States of America (the),189
2026-08-17,058619,7,Non-Alloy and Other Alloy Quarto Plates,Residual,2016
2026-08-17,058620,12A,Alloy Merchant Bars and Light Sections,EU,14355
2026-08-17,058621,12A,Alloy Merchant Bars and Light Sections,Residual,4824
2026-08-17,058622,12B,Non Alloy Merchant Bars and Light Sections,EU,551
2026-08-17,058623,12B,Non Alloy Merchant Bars and Light Sections,Turkey,308
2026-08-17,058624,12B,Non Alloy Merchant Bars and Light Sections,Residual,0
2026-08-17,058625,13,Rebars,EU,22194
2026-08-17,058626,13,Rebars,Turkey,5308
2026-08-17,058627,13,Rebars,Residual,2
2026-08-17,058628,14,Stainless Bars and Light Sections,EU,1755
2026-08-17,058629,14,Stainless Bars and Light Sections,United States of America (the),362
2026-08-17,058630,14,Stainless Bars and Light Sections,Residual,4
2026-08-17,058634,16,Non-alloy and other alloy wire rod,EU,28283
2026-08-17,058635,16,Non-alloy and other alloy wire rod,Residual,0
2026-08-17,058636,17,"Angles, shapes, and sections of iron or non-alloy steel",EU,37643
2026-08-17,058637,17,"Angles, shapes, and sections of iron or non-alloy steel",Korea (the Republic of),729
2026-08-17,058638,17,"Angles, shapes, and sections of iron or non-alloy steel",United States of America (the),213
2026-08-17,058639,17,"Angles, shapes, and sections of iron or non-alloy steel",Residual,1921
2026-08-17,058642,20,Gas Pipes,EU,2604
2026-08-17,058643,20,Gas Pipes,India,923
2026-08-17,058644,20,Gas Pipes,Turkey,3095
2026-08-17,058645,20,Gas Pipes,Residual,1216
2026-08-17,058646,21,Hollow Sections,EU,2444
2026-08-17,058647,21,Hollow Sections,Turkey,17453
2026-08-17,058648,21,Hollow Sections,Residual,2227
2026-08-18,058600,1A,Non Alloy and Other Alloy Hot Rolled Sheets and Strips,EU,61937
2026-08-18,058601,1A,Non Alloy and Other Alloy Hot Rolled Sheets and Strips,India,8057
2026-08-18,058602,1A,Non Alloy and Other Alloy Hot Rolled Sheets and Strips,Korea (the Republic of),818
2026-08-18,058603,1A,Non Alloy and Other Alloy Hot Rolled Sheets and Strips,Residual,1917
2026-08-18,058604,4,Metallic Coated Sheets,EU,75014
2026-08-18,058605,4,Metallic Coated Sheets,India,20617
2026-08-18,058606,4,Metallic Coated Sheets,Korea (the Republic of),18966
2026-08-18,058607,4,Metallic Coated Sheets,Vietnam,43495
2026-08-18,058608,4,Metallic Coated Sheets,Residual,14743
2026-08-18,058609,5,Organic Coated Sheets,EU,1604
2026-08-18,058610,5,Organic Coated Sheets,Korea (the Republic of),4622
2026-08-18,058611,5,Organic Coated Sheets,Residual,322
2026-08-18,058612,6,Tin Mill Products,EU,9113
2026-08-18,058613,6,Tin Mill Products,Japan,78
2026-08-18,058614,6,Tin Mill Products,Korea (the Republic of),280
2026-08-18,058615,6,Tin Mill Products,Residual,5876
2026-08-18,058616,7,Non-Alloy and Other Alloy Quarto Plates,EU,34331
2026-08-18,058617,7,Non-Alloy and Other Alloy Quarto Plates,Korea (the Republic of),8434
2026-08-18,058618,7,Non-Alloy and Other Alloy Quarto Plates,United States of America (the),189
2026-08-18,058619,7,Non-Alloy and Other Alloy Quarto Plates,Residual,2016
2026-08-18,058620,12A,Alloy Merchant Bars and Light Sections,EU,14355
2026-08-18,058621,12A,Alloy Merchant Bars and Light Sections,Residual,4824
2026-08-18,058622,12B,Non Alloy Merchant Bars and Light Sections,EU,551
2026-08-18,058623,12B,Non Alloy Merchant Bars and Light Sections,Turkey,308
2026-08-18,058624,12B,Non Alloy Merchant Bars and Light Sections,Residual,0
2026-08-18,058625,13,Rebars,EU,22194
2026-08-18,058626,13,Rebars,Turkey,5308
2026-08-18,058627,13,Rebars,Residual,2
2026-08-18,058628,14,Stainless Bars and Light Sections,EU,1755
2026-08-18,058629,14,Stainless Bars and Light Sections,United States of America (the),362
2026-08-18,058630,14,Stainless Bars and Light Sections,Residual,4
2026-08-18,058634,16,Non-alloy and other alloy wire rod,EU,28283
2026-08-18,058635,16,Non-alloy and other alloy wire rod,Residual,0
2026-08-18,058636,17,"Angles, shapes, and sections of iron or non-alloy steel",EU,37643
2026-08-18,058637,17,"Angles, shapes, and sections of iron or non-alloy steel",Korea (the Republic of),729
2026-08-18,058638,17,"Angles, shapes, and sections of iron or non-alloy steel",United States of America (the),213
2026-08-18,058639,17,"Angles, shapes, and sections of iron or non-alloy steel",Residual,1921
2026-08-18,058642,20,Gas Pipes,EU,2604
2026-08-18,058643,20,Gas Pipes,India,923
2026-08-18,058644,20,Gas Pipes,Turkey,3095
2026-08-18,058645,20,Gas Pipes,Residual,1216
2026-08-18,058646,21,Hollow Sections,EU,2444
2026-08-18,058647,21,Hollow Sections,Turkey,17453
2026-08-18,058648,21,Hollow Sections,Residual,2227
2026-08-19,058600,1A,Non Alloy and Other Alloy Hot Rolled Sheets and Strips,EU,61518
2026-08-19,058601,1A,Non Alloy and Other Alloy Hot Rolled Sheets and Strips,India,8053
2026-08-19,058602,1A,Non Alloy and Other Alloy Hot Rolled Sheets and Strips,Korea (the Republic of),818
2026-08-19,058603,1A,Non Alloy and Other Alloy Hot Rolled Sheets and Strips,Residual,1842
2026-08-19,058604,4,Metallic Coated Sheets,EU,72977
2026-08-19,058605,4,Metallic Coated Sheets,India,20617
2026-08-19,058606,4,Metallic Coated Sheets,Korea (the Republic of),18966
2026-08-19,058607,4,Metallic Coated Sheets,Vietnam,43495
2026-08-19,058608,4,Metallic Coated Sheets,Residual,14739
2026-08-19,058609,5,Organic Coated Sheets,EU,629
2026-08-19,058610,5,Organic Coated Sheets,Korea (the Republic of),4622
2026-08-19,058611,5,Organic Coated Sheets,Residual,317
2026-08-19,058612,6,Tin Mill Products,EU,9066
2026-08-19,058613,6,Tin Mill Products,Japan,78
2026-08-19,058614,6,Tin Mill Products,Korea (the Republic of),280
2026-08-19,058615,6,Tin Mill Products,Residual,4956
2026-08-19,058616,7,Non-Alloy and Other Alloy Quarto Plates,EU,31655
2026-08-19,058617,7,Non-Alloy and Other Alloy Quarto Plates,Korea (the Republic of),8434
2026-08-19,058618,7,Non-Alloy and Other Alloy Quarto Plates,United States of America (the),189
2026-08-19,058619,7,Non-Alloy and Other Alloy Quarto Plates,Residual,1032
2026-08-19,058620,12A,Alloy Merchant Bars and Light Sections,EU,12680
2026-08-19,058621,12A,Alloy Merchant Bars and Light Sections,Residual,4793
2026-08-19,058622,12B,Non Alloy Merchant Bars and Light Sections,EU,550
2026-08-19,058623,12B,Non Alloy Merchant Bars and Light Sections,Turkey,261
2026-08-19,058624,12B,Non Alloy Merchant Bars and Light Sections,Residual,0
2026-08-19,058625,13,Rebars,EU,20916
2026-08-19,058626,13,Rebars,Turkey,5308
2026-08-19,058627,13,Rebars,Residual,2
2026-08-19,058628,14,Stainless Bars and Light Sections,EU,1711
2026-08-19,058629,14,Stainless Bars and Light Sections,United States of America (the),362
2026-08-19,058630,14,Stainless Bars and Light Sections,Residual,1
2026-08-19,058634,16,Non-alloy and other alloy wire rod,EU,27519
2026-08-19,058635,16,Non-alloy and other alloy wire rod,Residual,0
2026-08-19,058636,17,"Angles, shapes, and sections of iron or non-alloy steel",EU,35618
2026-08-19,058637,17,"Angles, shapes, and sections of iron or non-alloy steel",Korea (the Republic of),729
2026-08-19,058638,17,"Angles, shapes, and sections of iron or non-alloy steel",United States of America (the),213
2026-08-19,058639,17,"Angles, shapes, and sections of iron or non-alloy steel",Residual,1795
2026-08-19,058642,20,Gas Pipes,EU,2569
2026-08-19,058643,20,Gas Pipes,India,816
2026-08-19,058644,20,Gas Pipes,Turkey,3080
2026-08-19,058645,20,Gas Pipes,Residual,1214
2026-08-19,058646,21,Hollow Sections,EU,2157
2026-08-19,058647,21,Hollow Sections,Turkey,17453
2026-08-19,058648,21,Hollow Sections,Residual,2233
2026-08-20,058600,1A,Non Alloy and Other Alloy Hot Rolled Sheets and Strips,EU,61389
2026-08-20,058601,1A,Non Alloy and Other Alloy Hot Rolled Sheets and Strips,India,8053
2026-08-20,058602,1A,Non Alloy and Other Alloy Hot Rolled Sheets and Strips,Korea (the Republic of),818
2026-08-20,058603,1A,Non Alloy and Other Alloy Hot Rolled Sheets and Strips,Residual,1842
2026-08-20,058604,4,Metallic Coated Sheets,EU,70403
2026-08-20,058605,4,Metallic Coated Sheets,India,14453
2026-08-20,058606,4,Metallic Coated Sheets,Korea (the Republic of),18966
2026-08-20,058607,4,Metallic Coated Sheets,Vietnam,43495
2026-08-20,058608,4,Metallic Coated Sheets,Residual,14733
2026-08-20,058609,5,Organic Coated Sheets,EU,573
2026-08-20,058610,5,Organic Coated Sheets,Korea (the Republic of),4622
2026-08-20,058611,5,Organic Coated Sheets,Residual,307
2026-08-20,058612,6,Tin Mill Products,EU,8929
2026-08-20,058613,6,Tin Mill Products,Japan,78
2026-08-20,058614,6,Tin Mill Products,Korea (the Republic of),280
2026-08-20,058615,6,Tin Mill Products,Residual,4956
2026-08-20,058616,7,Non-Alloy and Other Alloy Quarto Plates,EU,31595
2026-08-20,058617,7,Non-Alloy and Other Alloy Quarto Plates,Korea (the Republic of),8434
2026-08-20,058618,7,Non-Alloy and Other Alloy Quarto Plates,United States of America (the),189
2026-08-20,058619,7,Non-Alloy and Other Alloy Quarto Plates,Residual,1032
2026-08-20,058620,12A,Alloy Merchant Bars and Light Sections,EU,12670
2026-08-20,058621,12A,Alloy Merchant Bars and Light Sections,Residual,4793
2026-08-20,058622,12B,Non Alloy Merchant Bars and Light Sections,EU,532
2026-08-20,058623,12B,Non Alloy Merchant Bars and Light Sections,Turkey,258
2026-08-20,058624,12B,Non Alloy Merchant Bars and Light Sections,Residual,0
2026-08-20,058625,13,Rebars,EU,20853
2026-08-20,058626,13,Rebars,Turkey,5308
2026-08-20,058627,13,Rebars,Residual,2
2026-08-20,058628,14,Stainless Bars and Light Sections,EU,1711
2026-08-20,058629,14,Stainless Bars and Light Sections,United States of America (the),362
2026-08-20,058630,14,Stainless Bars and Light Sections,Residual,0
2026-08-20,058634,16,Non-alloy and other alloy wire rod,EU,27433
2026-08-20,058635,16,Non-alloy and other alloy wire rod,Residual,1357
2026-08-20,058636,17,"Angles, shapes, and sections of iron or non-alloy steel",EU,32810
2026-08-20,058637,17,"Angles, shapes, and sections of iron or non-alloy steel",Korea (the Republic of),729
2026-08-20,058638,17,"Angles, shapes, and sections of iron or non-alloy steel",United States of America (the),213
2026-08-20,058639,17,"Angles, shapes, and sections of iron or non-alloy steel",Residual,1795
2026-08-20,058642,20,Gas Pipes,EU,2465
2026-08-20,058643,20,Gas Pipes,India,659
2026-08-20,058644,20,Gas Pipes,Turkey,2616
2026-08-20,058645,20,Gas Pipes,Residual,1214
2026-08-20,058646,21,Hollow Sections,EU,2106
2026-08-20,058647,21,Hollow Sections,Turkey,17433
2026-08-20,058648,21,Hollow Sections,Residual,2219
2026-08-21,058600,1A,Non Alloy and Other Alloy Hot Rolled Sheets and Strips,EU,61338
2026-08-21,058601,1A,Non Alloy and Other Alloy Hot Rolled Sheets and Strips,India,8053
2026-08-21,058602,1A,Non Alloy and Other Alloy Hot Rolled Sheets and Strips,Korea (the Republic of),818
2026-08-21,058603,1A,Non Alloy and Other Alloy Hot Rolled Sheets and Strips,Residual,1772
2026-08-21,058604,4,Metallic Coated Sheets,EU,68387
2026-08-21,058605,4,Metallic Coated Sheets,India,14453
2026-08-21,058606,4,Metallic Coated Sheets,Korea (the Republic of),18966
2026-08-21,058607,4,Metallic Coated Sheets,Vietnam,43495
2026-08-21,058608,4,Metallic Coated Sheets,Residual,14728
2026-08-21,058609,5,Organic Coated Sheets,EU,541
2026-08-21,058610,5,Organic Coated Sheets,Korea (the Republic of),4622
2026-08-21,058611,5,Organic Coated Sheets,Residual,307
2026-08-21,058612,6,Tin Mill Products,EU,8897
2026-08-21,058613,6,Tin Mill Products,Japan,78
2026-08-21,058614,6,Tin Mill Products,Korea (the Republic of),280
2026-08-21,058615,6,Tin Mill Products,Residual,4956
2026-08-21,058616,7,Non-Alloy and Other Alloy Quarto Plates,EU,31353
2026-08-21,058617,7,Non-Alloy and Other Alloy Quarto Plates,Korea (the Republic of),8434
2026-08-21,058618,7,Non-Alloy and Other Alloy Quarto Plates,United States of America (the),189
2026-08-21,058619,7,Non-Alloy and Other Alloy Quarto Plates,Residual,1032
2026-08-21,058620,12A,Alloy Merchant Bars and Light Sections,EU,12583
2026-08-21,058621,12A,Alloy Merchant Bars and Light Sections,Residual,4752
2026-08-21,058622,12B,Non Alloy Merchant Bars and Light Sections,EU,508
2026-08-21,058623,12B,Non Alloy Merchant Bars and Light Sections,Turkey,258
2026-08-21,058624,12B,Non Alloy Merchant Bars and Light Sections,Residual,0
2026-08-21,058625,13,Rebars,EU,20815
2026-08-21,058626,13,Rebars,Turkey,5308
2026-08-21,058627,13,Rebars,Residual,2
2026-08-21,058628,14,Stainless Bars and Light Sections,EU,1708
2026-08-21,058629,14,Stainless Bars and Light Sections,United States of America (the),362
2026-08-21,058630,14,Stainless Bars and Light Sections,Residual,0
2026-08-21,058634,16,Non-alloy and other alloy wire rod,EU,27389
2026-08-21,058635,16,Non-alloy and other alloy wire rod,Residual,1357
2026-08-21,058636,17,"Angles, shapes, and sections of iron or non-alloy steel",EU,32769
2026-08-21,058637,17,"Angles, shapes, and sections of iron or non-alloy steel",Korea (the Republic of),728
2026-08-21,058638,17,"Angles, shapes, and sections of iron or non-alloy steel",United States of America (the),213
2026-08-21,058639,17,"Angles, shapes, and sections of iron or non-alloy steel",Residual,142
2026-08-21,058642,20,Gas Pipes,EU,2465
2026-08-21,058643,20,Gas Pipes,India,659
2026-08-21,058644,20,Gas Pipes,Turkey,2616
2026-08-21,058645,20,Gas Pipes,Residual,1214
2026-08-21,058646,21,Hollow Sections,EU,2021
2026-08-21,058647,21,Hollow Sections,Turkey,17433
2026-08-21,058648,21,Hollow Sections,Residual,2219
2026-08-22,058600,1A,Non Alloy and Other Alloy Hot Rolled Sheets and Strips,EU,60528
2026-08-22,058601,1A,Non Alloy and Other Alloy Hot Rolled Sheets and Strips,India,8053
2026-08-22,058602,1A,Non Alloy and Other Alloy Hot Rolled Sheets and Strips,Korea (the Republic of),818
2026-08-22,058603,1A,Non Alloy and Other Alloy Hot Rolled Sheets and Strips,Residual,1772
2026-08-22,058604,4,Metallic Coated Sheets,EU,67265
2026-08-22,058605,4,Metallic Coated Sheets,India,14453
2026-08-22,058606,4,Metallic Coated Sheets,Korea (the Republic of),18966
2026-08-22,058607,4,Metallic Coated Sheets,Vietnam,43495
2026-08-22,058608,4,Metallic Coated Sheets,Residual,14728
2026-08-22,058609,5,Organic Coated Sheets,EU,191
2026-08-22,058610,5,Organic Coated Sheets,Korea (the Republic of),4622
2026-08-22,058611,5,Organic Coated Sheets,Residual,307
2026-08-22,058612,6,Tin Mill Products,EU,8862
2026-08-22,058613,6,Tin Mill Products,Japan,78
2026-08-22,058614,6,Tin Mill Products,Korea (the Republic of),280
2026-08-22,058615,6,Tin Mill Products,Residual,4707
2026-08-22,058616,7,Non-Alloy and Other Alloy Quarto Plates,EU,30753
2026-08-22,058617,7,Non-Alloy and Other Alloy Quarto Plates,Korea (the Republic of),8434
2026-08-22,058618,7,Non-Alloy and Other Alloy Quarto Plates,United States of America (the),189
2026-08-22,058619,7,Non-Alloy and Other Alloy Quarto Plates,Residual,1032
2026-08-22,058620,12A,Alloy Merchant Bars and Light Sections,EU,12551
2026-08-22,058621,12A,Alloy Merchant Bars and Light Sections,Residual,4752
2026-08-22,058622,12B,Non Alloy Merchant Bars and Light Sections,EU,508
2026-08-22,058623,12B,Non Alloy Merchant Bars and Light Sections,Turkey,258
2026-08-22,058624,12B,Non Alloy Merchant Bars and Light Sections,Residual,0
2026-08-22,058625,13,Rebars,EU,20815
2026-08-22,058626,13,Rebars,Turkey,5308
2026-08-22,058627,13,Rebars,Residual,2
2026-08-22,058628,14,Stainless Bars and Light Sections,EU,1706
2026-08-22,058629,14,Stainless Bars and Light Sections,United States of America (the),359
2026-08-22,058630,14,Stainless Bars and Light Sections,Residual,0
2026-08-22,058634,16,Non-alloy and other alloy wire rod,EU,27352
2026-08-22,058635,16,Non-alloy and other alloy wire rod,Residual,0
2026-08-22,058636,17,"Angles, shapes, and sections of iron or non-alloy steel",EU,32769
2026-08-22,058637,17,"Angles, shapes, and sections of iron or non-alloy steel",Korea (the Republic of),728
2026-08-22,058638,17,"Angles, shapes, and sections of iron or non-alloy steel",United States of America (the),213
2026-08-22,058639,17,"Angles, shapes, and sections of iron or non-alloy steel",Residual,142
2026-08-22,058642,20,Gas Pipes,EU,2465
2026-08-22,058643,20,Gas Pipes,India,580
2026-08-22,058644,20,Gas Pipes,Turkey,2419
2026-08-22,058645,20,Gas Pipes,Residual,1214
2026-08-22,058646,21,Hollow Sections,EU,1969
2026-08-22,058647,21,Hollow Sections,Turkey,17433
2026-08-22,058648,21,Hollow Sections,Residual,2200
2026-08-23,058600,1A,Non Alloy and Other Alloy Hot Rolled Sheets and Strips,EU,60528
2026-08-23,058601,1A,Non Alloy and Other Alloy Hot Rolled Sheets and Strips,India,8053
2026-08-23,058602,1A,Non Alloy and Other Alloy Hot Rolled Sheets and Strips,Korea (the Republic of),818
2026-08-23,058603,1A,Non Alloy and Other Alloy Hot Rolled Sheets and Strips,Residual,1772
2026-08-23,058604,4,Metallic Coated Sheets,EU,67265
2026-08-23,058605,4,Metallic Coated Sheets,India,14453
2026-08-23,058606,4,Metallic Coated Sheets,Korea (the Republic of),18966
2026-08-23,058607,4,Metallic Coated Sheets,Vietnam,43495
2026-08-23,058608,4,Metallic Coated Sheets,Residual,14728
2026-08-23,058609,5,Organic Coated Sheets,EU,191
2026-08-23,058610,5,Organic Coated Sheets,Korea (the Republic of),4622
2026-08-23,058611,5,Organic Coated Sheets,Residual,307
2026-08-23,058612,6,Tin Mill Products,EU,8862
2026-08-23,058613,6,Tin Mill Products,Japan,78
2026-08-23,058614,6,Tin Mill Products,Korea (the Republic of),280
2026-08-23,058615,6,Tin Mill Products,Residual,4707
2026-08-23,058616,7,Non-Alloy and Other Alloy Quarto Plates,EU,30753
2026-08-23,058617,7,Non-Alloy and Other Alloy Quarto Plates,Korea (the Republic of),8434
2026-08-23,058618,7,Non-Alloy and Other Alloy Quarto Plates,United States of America (the),189
2026-08-23,058619,7,Non-Alloy and Other Alloy Quarto Plates,Residual,1032
2026-08-23,058620,12A,Alloy Merchant Bars and Light Sections,EU,12551
2026-08-23,058621,12A,Alloy Merchant Bars and Light Sections,Residual,4752
2026-08-23,058622,12B,Non Alloy Merchant Bars and Light Sections,EU,508
2026-08-23,058623,12B,Non Alloy Merchant Bars and Light Sections,Turkey,258
2026-08-23,058624,12B,Non Alloy Merchant Bars and Light Sections,Residual,0
2026-08-23,058625,13,Rebars,EU,20815
2026-08-23,058626,13,Rebars,Turkey,5308
2026-08-23,058627,13,Rebars,Residual,2
2026-08-23,058628,14,Stainless Bars and Light Sections,EU,1706
2026-08-23,058629,14,Stainless Bars and Light Sections,United States of America (the),359
2026-08-23,058630,14,Stainless Bars and Light Sections,Residual,0
2026-08-23,058634,16,Non-alloy and other alloy wire rod,EU,27352
2026-08-23,058635,16,Non-alloy and other alloy wire rod,Residual,0
2026-08-23,058636,17,"Angles, shapes, and sections of iron or non-alloy steel",EU,32769
2026-08-23,058637,17,"Angles, shapes, and sections of iron or non-alloy steel",Korea (the Republic of),728
2026-08-23,058638,17,"Angles, shapes, and sections of iron or non-alloy steel",United States of America (the),213
2026-08-23,058639,17,"Angles, shapes, and sections of iron or non-alloy steel",Residual,142
2026-08-23,058642,20,Gas Pipes,EU,2465
2026-08-23,058643,20,Gas Pipes,India,580
2026-08-23,058644,20,Gas Pipes,Turkey,2419
2026-08-23,058645,20,Gas Pipes,Residual,1214
2026-08-23,058646,21,Hollow Sections,EU,1969
2026-08-23,058647,21,Hollow Sections,Turkey,17433
2026-08-23,058648,21,Hollow Sections,Residual,2200
2026-08-24,058600,1A,Non Alloy and Other Alloy Hot Rolled Sheets and Strips,EU,60528
2026-08-24,058601,1A,Non Alloy and Other Alloy Hot Rolled Sheets and Strips,India,8053
2026-08-24,058602,1A,Non Alloy and Other Alloy Hot Rolled Sheets and Strips,Korea (the Republic of),818
2026-08-24,058603,1A,Non Alloy and Other Alloy Hot Rolled Sheets and Strips,Residual,1772
2026-08-24,058604,4,Metallic Coated Sheets,EU,67265
2026-08-24,058605,4,Metallic Coated Sheets,India,14453
2026-08-24,058606,4,Metallic Coated Sheets,Korea (the Republic of),18966
2026-08-24,058607,4,Metallic Coated Sheets,Vietnam,43495
2026-08-24,058608,4,Metallic Coated Sheets,Residual,14728
2026-08-24,058609,5,Organic Coated Sheets,EU,191
2026-08-24,058610,5,Organic Coated Sheets,Korea (the Republic of),4622
2026-08-24,058611,5,Organic Coated Sheets,Residual,307
2026-08-24,058612,6,Tin Mill Products,EU,8862
2026-08-24,058613,6,Tin Mill Products,Japan,78
2026-08-24,058614,6,Tin Mill Products,Korea (the Republic of),280
2026-08-24,058615,6,Tin Mill Products,Residual,4707
2026-08-24,058616,7,Non-Alloy and Other Alloy Quarto Plates,EU,30753
2026-08-24,058617,7,Non-Alloy and Other Alloy Quarto Plates,Korea (the Republic of),8434
2026-08-24,058618,7,Non-Alloy and Other Alloy Quarto Plates,United States of America (the),189
2026-08-24,058619,7,Non-Alloy and Other Alloy Quarto Plates,Residual,1032
2026-08-24,058620,12A,Alloy Merchant Bars and Light Sections,EU,12551
2026-08-24,058621,12A,Alloy Merchant Bars and Light Sections,Residual,4752
2026-08-24,058622,12B,Non Alloy Merchant Bars and Light Sections,EU,508
2026-08-24,058623,12B,Non Alloy Merchant Bars and Light Sections,Turkey,258
2026-08-24,058624,12B,Non Alloy Merchant Bars and Light Sections,Residual,0
2026-08-24,058625,13,Rebars,EU,20815
2026-08-24,058626,13,Rebars,Turkey,5308
2026-08-24,058627,13,Rebars,Residual,2
2026-08-24,058628,14,Stainless Bars and Light Sections,EU,1706
2026-08-24,058629,14,Stainless Bars and Light Sections,United States of America (the),359
2026-08-24,058630,14,Stainless Bars and Light Sections,Residual,0
2026-08-24,058634,16,Non-alloy and other alloy wire rod,EU,27352
2026-08-24,058635,16,Non-alloy and other alloy wire rod,Residual,0
2026-08-24,058636,17,"Angles, shapes, and sections of iron or non-alloy steel",EU,32769
2026-08-24,058637,17,"Angles, shapes, and sections of iron or non-alloy steel",Korea (the Republic of),728
2026-08-24,058638,17,"Angles, shapes, and sections of iron or non-alloy steel",United States of America (the),213
2026-08-24,058639,17,"Angles, shapes, and sections of iron or non-alloy steel",Residual,142
2026-08-24,058642,20,Gas Pipes,EU,2465
2026-08-24,058643,20,Gas Pipes,India,580
2026-08-24,058644,20,Gas Pipes,Turkey,2419
2026-08-24,058645,20,Gas Pipes,Residual,1214
2026-08-24,058646,21,Hollow Sections,EU,1969
2026-08-24,058647,21,Hollow Sections,Turkey,17433
2026-08-24,058648,21,Hollow Sections,Residual,2200
2026-08-25,058600,1A,Non Alloy and Other Alloy Hot Rolled Sheets and Strips,EU,60528
2026-08-25,058601,1A,Non Alloy and Other Alloy Hot Rolled Sheets and Strips,India,8053
2026-08-25,058602,1A,Non Alloy and Other Alloy Hot Rolled Sheets and Strips,Korea (the Republic of),818
2026-08-25,058603,1A,Non Alloy and Other Alloy Hot Rolled Sheets and Strips,Residual,1772
2026-08-25,058604,4,Metallic Coated Sheets,EU,67265
2026-08-25,058605,4,Metallic Coated Sheets,India,14453
2026-08-25,058606,4,Metallic Coated Sheets,Korea (the Republic of),18966
2026-08-25,058607,4,Metallic Coated Sheets,Vietnam,43495
2026-08-25,058608,4,Metallic Coated Sheets,Residual,14728
2026-08-25,058609,5,Organic Coated Sheets,EU,191
2026-08-25,058610,5,Organic Coated Sheets,Korea (the Republic of),4622
2026-08-25,058611,5,Organic Coated Sheets,Residual,307
2026-08-25,058612,6,Tin Mill Products,EU,8862
2026-08-25,058613,6,Tin Mill Products,Japan,78
2026-08-25,058614,6,Tin Mill Products,Korea (the Republic of),280
2026-08-25,058615,6,Tin Mill Products,Residual,4707
2026-08-25,058616,7,Non-Alloy and Other Alloy Quarto Plates,EU,30753
2026-08-25,058617,7,Non-Alloy and Other Alloy Quarto Plates,Korea (the Republic of),8434
2026-08-25,058618,7,Non-Alloy and Other Alloy Quarto Plates,United States of America (the),189
2026-08-25,058619,7,Non-Alloy and Other Alloy Quarto Plates,Residual,1032
2026-08-25,058620,12A,Alloy Merchant Bars and Light Sections,EU,12551
2026-08-25,058621,12A,Alloy Merchant Bars and Light Sections,Residual,4752
2026-08-25,058622,12B,Non Alloy Merchant Bars and Light Sections,EU,508
2026-08-25,058623,12B,Non Alloy Merchant Bars and Light Sections,Turkey,258
2026-08-25,058624,12B,Non Alloy Merchant Bars and Light Sections,Residual,0
2026-08-25,058625,13,Rebars,EU,20815
2026-08-25,058626,13,Rebars,Turkey,5308
2026-08-25,058627,13,Rebars,Residual,2
2026-08-25,058628,14,Stainless Bars and Light Sections,EU,1706
2026-08-25,058629,14,Stainless Bars and Light Sections,United States of America (the),359
2026-08-25,058630,14,Stainless Bars and Light Sections,Residual,0
2026-08-25,058634,16,Non-alloy and other alloy wire rod,EU,27352
2026-08-25,058635,16,Non-alloy and other alloy wire rod,Residual,0
2026-08-25,058636,17,"Angles, shapes, and sections of iron or non-alloy steel",EU,32769
2026-08-25,058637,17,"Angles, shapes, and sections of iron or non-alloy steel",Korea (the Republic of),728
2026-08-25,058638,17,"Angles, shapes, and sections of iron or non-alloy steel",United States of America (the),213
2026-08-25,058639,17,"Angles, shapes, and sections of iron or non-alloy steel",Residual,142
2026-08-25,058642,20,Gas Pipes,EU,2465
2026-08-25,058643,20,Gas Pipes,India,580
2026-08-25,058644,20,Gas Pipes,Turkey,2419
2026-08-25,058645,20,Gas Pipes,Residual,1214
2026-08-25,058646,21,Hollow Sections,EU,1969
2026-08-25,058647,21,Hollow Sections,Turkey,17433
2026-08-25,058648,21,Hollow Sections,Residual,2200
2026-08-26,058600,1A,Non Alloy and Other Alloy Hot Rolled Sheets and Strips,EU,59062
2026-08-26,058601,1A,Non Alloy and Other Alloy Hot Rolled Sheets and Strips,India,8053
2026-08-26,058602,1A,Non Alloy and Other Alloy Hot Rolled Sheets and Strips,Korea (the Republic of),818
2026-08-26,058603,1A,Non Alloy and Other Alloy Hot Rolled Sheets and Strips,Residual,1771
2026-08-26,058604,4,Metallic Coated Sheets,EU,64300
2026-08-26,058605,4,Metallic Coated Sheets,India,14453
2026-08-26,058606,4,Metallic Coated Sheets,Korea (the Republic of),18966
2026-08-26,058607,4,Metallic Coated Sheets,Vietnam,43495
2026-08-26,058608,4,Metallic Coated Sheets,Residual,14691
2026-08-26,058609,5,Organic Coated Sheets,EU,0
2026-08-26,058610,5,Organic Coated Sheets,Korea (the Republic of),4622
2026-08-26,058611,5,Organic Coated Sheets,Residual,307
2026-08-26,058612,6,Tin Mill Products,EU,8816
2026-08-26,058613,6,Tin Mill Products,Japan,78
2026-08-26,058614,6,Tin Mill Products,Korea (the Republic of),280
2026-08-26,058615,6,Tin Mill Products,Residual,4706
2026-08-26,058616,7,Non-Alloy and Other Alloy Quarto Plates,EU,29125
2026-08-26,058617,7,Non-Alloy and Other Alloy Quarto Plates,Korea (the Republic of),8434
2026-08-26,058618,7,Non-Alloy and Other Alloy Quarto Plates,United States of America (the),189
2026-08-26,058619,7,Non-Alloy and Other Alloy Quarto Plates,Residual,1032
2026-08-26,058620,12A,Alloy Merchant Bars and Light Sections,EU,12373
2026-08-26,058621,12A,Alloy Merchant Bars and Light Sections,Residual,4752
2026-08-26,058622,12B,Non Alloy Merchant Bars and Light Sections,EU,432
2026-08-26,058623,12B,Non Alloy Merchant Bars and Light Sections,Turkey,258
2026-08-26,058624,12B,Non Alloy Merchant Bars and Light Sections,Residual,0
2026-08-26,058625,13,Rebars,EU,20715
2026-08-26,058626,13,Rebars,Turkey,1809
2026-08-26,058627,13,Rebars,Residual,2
2026-08-26,058628,14,Stainless Bars and Light Sections,EU,1664
2026-08-26,058629,14,Stainless Bars and Light Sections,United States of America (the),350
2026-08-26,058630,14,Stainless Bars and Light Sections,Residual,0
2026-08-26,058634,16,Non-alloy and other alloy wire rod,EU,27334
2026-08-26,058635,16,Non-alloy and other alloy wire rod,Residual,0
2026-08-26,058636,17,"Angles, shapes, and sections of iron or non-alloy steel",EU,32341
2026-08-26,058637,17,"Angles, shapes, and sections of iron or non-alloy steel",Korea (the Republic of),728
2026-08-26,058638,17,"Angles, shapes, and sections of iron or non-alloy steel",United States of America (the),213
2026-08-26,058639,17,"Angles, shapes, and sections of iron or non-alloy steel",Residual,142
2026-08-26,058642,20,Gas Pipes,EU,2401
2026-08-26,058643,20,Gas Pipes,India,580
2026-08-26,058644,20,Gas Pipes,Turkey,2188
2026-08-26,058645,20,Gas Pipes,Residual,1214
2026-08-26,058646,21,Hollow Sections,EU,1770
2026-08-26,058647,21,Hollow Sections,Turkey,17433
2026-08-26,058648,21,Hollow Sections,Residual,2200
2026-08-27,058600,1A,Non Alloy and Other Alloy Hot Rolled Sheets and Strips,EU,58997
2026-08-27,058601,1A,Non Alloy and Other Alloy Hot Rolled Sheets and Strips,India,8053
2026-08-27,058602,1A,Non Alloy and Other Alloy Hot Rolled Sheets and Strips,Korea (the Republic of),818
2026-08-27,058603,1A,Non Alloy and Other Alloy Hot Rolled Sheets and Strips,Residual,1741
2026-08-27,058604,4,Metallic Coated Sheets,EU,62248
2026-08-27,058605,4,Metallic Coated Sheets,India,14453
2026-08-27,058606,4,Metallic Coated Sheets,Korea (the Republic of),18003
2026-08-27,058607,4,Metallic Coated Sheets,Vietnam,40433
2026-08-27,058608,4,Metallic Coated Sheets,Residual,14675
2026-08-27,058609,5,Organic Coated Sheets,EU,0
2026-08-27,058610,5,Organic Coated Sheets,Korea (the Republic of),4622
2026-08-27,058611,5,Organic Coated Sheets,Residual,0
2026-08-27,058612,6,Tin Mill Products,EU,8791
2026-08-27,058613,6,Tin Mill Products,Japan,78
2026-08-27,058614,6,Tin Mill Products,Korea (the Republic of),280
2026-08-27,058615,6,Tin Mill Products,Residual,4706
2026-08-27,058616,7,Non-Alloy and Other Alloy Quarto Plates,EU,28865
2026-08-27,058617,7,Non-Alloy and Other Alloy Quarto Plates,Korea (the Republic of),8434
2026-08-27,058618,7,Non-Alloy and Other Alloy Quarto Plates,United States of America (the),189
2026-08-27,058619,7,Non-Alloy and Other Alloy Quarto Plates,Residual,1032
2026-08-27,058620,12A,Alloy Merchant Bars and Light Sections,EU,12335
2026-08-27,058621,12A,Alloy Merchant Bars and Light Sections,Residual,4725
2026-08-27,058622,12B,Non Alloy Merchant Bars and Light Sections,EU,423
2026-08-27,058623,12B,Non Alloy Merchant Bars and Light Sections,Turkey,258
2026-08-27,058624,12B,Non Alloy Merchant Bars and Light Sections,Residual,0
2026-08-27,058625,13,Rebars,EU,20691
2026-08-27,058626,13,Rebars,Turkey,1809
2026-08-27,058627,13,Rebars,Residual,2
2026-08-27,058628,14,Stainless Bars and Light Sections,EU,1655
2026-08-27,058629,14,Stainless Bars and Light Sections,United States of America (the),350
2026-08-27,058630,14,Stainless Bars and Light Sections,Residual,0
2026-08-27,058634,16,Non-alloy and other alloy wire rod,EU,27334
2026-08-27,058635,16,Non-alloy and other alloy wire rod,Residual,0
2026-08-27,058636,17,"Angles, shapes, and sections of iron or non-alloy steel",EU,32341
2026-08-27,058637,17,"Angles, shapes, and sections of iron or non-alloy steel",Korea (the Republic of),728
2026-08-27,058638,17,"Angles, shapes, and sections of iron or non-alloy steel",United States of America (the),213
2026-08-27,058639,17,"Angles, shapes, and sections of iron or non-alloy steel",Residual,142
2026-08-27,058642,20,Gas Pipes,EU,2391
2026-08-27,058643,20,Gas Pipes,India,580
2026-08-27,058644,20,Gas Pipes,Turkey,2188
2026-08-27,058645,20,Gas Pipes,Residual,1214
2026-08-27,058646,21,Hollow Sections,EU,1744
2026-08-27,058647,21,Hollow Sections,Turkey,17433
2026-08-27,058648,21,Hollow Sections,Residual,2200
2026-08-28,058600,1A,Non Alloy and Other Alloy Hot Rolled Sheets and Strips,EU,57665
2026-08-28,058601,1A,Non Alloy and Other Alloy Hot Rolled Sheets and Strips,India,8053
2026-08-28,058602,1A,Non Alloy and Other Alloy Hot Rolled Sheets and Strips,Korea (the Republic of),818
2026-08-28,058603,1A,Non Alloy and Other Alloy Hot Rolled Sheets and Strips,Residual,1741
2026-08-28,058604,4,Metallic Coated Sheets,EU,60129
2026-08-28,058605,4,Metallic Coated Sheets,India,14453
2026-08-28,058606,4,Metallic Coated Sheets,Korea (the Republic of),18003
2026-08-28,058607,4,Metallic Coated Sheets,Vietnam,39063
2026-08-28,058608,4,Metallic Coated Sheets,Residual,14675
2026-08-28,058609,5,Organic Coated Sheets,EU,0
2026-08-28,058610,5,Organic Coated Sheets,Korea (the Republic of),4622
2026-08-28,058611,5,Organic Coated Sheets,Residual,0
2026-08-28,058612,6,Tin Mill Products,EU,8745
2026-08-28,058613,6,Tin Mill Products,Japan,78
2026-08-28,058614,6,Tin Mill Products,Korea (the Republic of),280
2026-08-28,058615,6,Tin Mill Products,Residual,4706
2026-08-28,058616,7,Non-Alloy and Other Alloy Quarto Plates,EU,28002
2026-08-28,058617,7,Non-Alloy and Other Alloy Quarto Plates,Korea (the Republic of),8434
2026-08-28,058618,7,Non-Alloy and Other Alloy Quarto Plates,United States of America (the),189
2026-08-28,058619,7,Non-Alloy and Other Alloy Quarto Plates,Residual,1032
2026-08-28,058620,12A,Alloy Merchant Bars and Light Sections,EU,12284
2026-08-28,058621,12A,Alloy Merchant Bars and Light Sections,Residual,4720
2026-08-28,058622,12B,Non Alloy Merchant Bars and Light Sections,EU,391
2026-08-28,058623,12B,Non Alloy Merchant Bars and Light Sections,Turkey,258
2026-08-28,058624,12B,Non Alloy Merchant Bars and Light Sections,Residual,0
2026-08-28,058625,13,Rebars,EU,20679
2026-08-28,058626,13,Rebars,Turkey,1809
2026-08-28,058627,13,Rebars,Residual,2
2026-08-28,058628,14,Stainless Bars and Light Sections,EU,1592
2026-08-28,058629,14,Stainless Bars and Light Sections,United States of America (the),348
2026-08-28,058630,14,Stainless Bars and Light Sections,Residual,0
2026-08-28,058634,16,Non-alloy and other alloy wire rod,EU,27322
2026-08-28,058635,16,Non-alloy and other alloy wire rod,Residual,0
2026-08-28,058636,17,"Angles, shapes, and sections of iron or non-alloy steel",EU,32199
2026-08-28,058637,17,"Angles, shapes, and sections of iron or non-alloy steel",Korea (the Republic of),728
2026-08-28,058638,17,"Angles, shapes, and sections of iron or non-alloy steel",United States of America (the),213
2026-08-28,058639,17,"Angles, shapes, and sections of iron or non-alloy steel",Residual,142
2026-08-28,058642,20,Gas Pipes,EU,2341
2026-08-28,058643,20,Gas Pipes,India,580
2026-08-28,058644,20,Gas Pipes,Turkey,2036
2026-08-28,058645,20,Gas Pipes,Residual,1214
2026-08-28,058646,21,Hollow Sections,EU,1614
2026-08-28,058647,21,Hollow Sections,Turkey,17361
2026-08-28,058648,21,Hollow Sections,Residual,2176
2026-08-29,058600,1A,Non Alloy and Other Alloy Hot Rolled Sheets and Strips,EU,57553
2026-08-29,058601,1A,Non Alloy and Other Alloy Hot Rolled Sheets and Strips,India,8053
2026-08-29,058602,1A,Non Alloy and Other Alloy Hot Rolled Sheets and Strips,Korea (the Republic of),818
2026-08-29,058603,1A,Non Alloy and Other Alloy Hot Rolled Sheets and Strips,Residual,1741
2026-08-29,058604,4,Metallic Coated Sheets,EU,59699
2026-08-29,058605,4,Metallic Coated Sheets,India,14453
2026-08-29,058606,4,Metallic Coated Sheets,Korea (the Republic of),18003
2026-08-29,058607,4,Metallic Coated Sheets,Vietnam,39063
2026-08-29,058608,4,Metallic Coated Sheets,Residual,14674
2026-08-29,058609,5,Organic Coated Sheets,EU,0
2026-08-29,058610,5,Organic Coated Sheets,Korea (the Republic of),4622
2026-08-29,058611,5,Organic Coated Sheets,Residual,0
2026-08-29,058612,6,Tin Mill Products,EU,8723
2026-08-29,058613,6,Tin Mill Products,Japan,78
2026-08-29,058614,6,Tin Mill Products,Korea (the Republic of),280
2026-08-29,058615,6,Tin Mill Products,Residual,4706
2026-08-29,058616,7,Non-Alloy and Other Alloy Quarto Plates,EU,27370
2026-08-29,058617,7,Non-Alloy and Other Alloy Quarto Plates,Korea (the Republic of),8434
2026-08-29,058618,7,Non-Alloy and Other Alloy Quarto Plates,United States of America (the),189
2026-08-29,058619,7,Non-Alloy and Other Alloy Quarto Plates,Residual,926
2026-08-29,058620,12A,Alloy Merchant Bars and Light Sections,EU,12257
2026-08-29,058621,12A,Alloy Merchant Bars and Light Sections,Residual,4720
2026-08-29,058622,12B,Non Alloy Merchant Bars and Light Sections,EU,388
2026-08-29,058623,12B,Non Alloy Merchant Bars and Light Sections,Turkey,258
2026-08-29,058624,12B,Non Alloy Merchant Bars and Light Sections,Residual,0
2026-08-29,058625,13,Rebars,EU,20679
2026-08-29,058626,13,Rebars,Turkey,1809
2026-08-29,058627,13,Rebars,Residual,2
2026-08-29,058628,14,Stainless Bars and Light Sections,EU,1588
2026-08-29,058629,14,Stainless Bars and Light Sections,United States of America (the),348
2026-08-29,058630,14,Stainless Bars and Light Sections,Residual,0
2026-08-29,058634,16,Non-alloy and other alloy wire rod,EU,27322
2026-08-29,058635,16,Non-alloy and other alloy wire rod,Residual,0
2026-08-29,058636,17,"Angles, shapes, and sections of iron or non-alloy steel",EU,31561
2026-08-29,058637,17,"Angles, shapes, and sections of iron or non-alloy steel",Korea (the Republic of),728
2026-08-29,058638,17,"Angles, shapes, and sections of iron or non-alloy steel",United States of America (the),213
2026-08-29,058639,17,"Angles, shapes, and sections of iron or non-alloy steel",Residual,142
2026-08-29,058642,20,Gas Pipes,EU,2341
2026-08-29,058643,20,Gas Pipes,India,580
2026-08-29,058644,20,Gas Pipes,Turkey,2036
2026-08-29,058645,20,Gas Pipes,Residual,1214
2026-08-29,058646,21,Hollow Sections,EU,1574
2026-08-29,058647,21,Hollow Sections,Turkey,17361
2026-08-29,058648,21,Hollow Sections,Residual,2176
2026-08-30,058600,1A,Non Alloy and Other Alloy Hot Rolled Sheets and Strips,EU,57553
2026-08-30,058601,1A,Non Alloy and Other Alloy Hot Rolled Sheets and Strips,India,8053
2026-08-30,058602,1A,Non Alloy and Other Alloy Hot Rolled Sheets and Strips,Korea (the Republic of),818
2026-08-30,058603,1A,Non Alloy and Other Alloy Hot Rolled Sheets and Strips,Residual,1741
2026-08-30,058604,4,Metallic Coated Sheets,EU,59699
2026-08-30,058605,4,Metallic Coated Sheets,India,14453
2026-08-30,058606,4,Metallic Coated Sheets,Korea (the Republic of),18003
2026-08-30,058607,4,Metallic Coated Sheets,Vietnam,39063
2026-08-30,058608,4,Metallic Coated Sheets,Residual,14674
2026-08-30,058609,5,Organic Coated Sheets,EU,0
2026-08-30,058610,5,Organic Coated Sheets,Korea (the Republic of),4622
2026-08-30,058611,5,Organic Coated Sheets,Residual,0
2026-08-30,058612,6,Tin Mill Products,EU,8723
2026-08-30,058613,6,Tin Mill Products,Japan,78
2026-08-30,058614,6,Tin Mill Products,Korea (the Republic of),280
2026-08-30,058615,6,Tin Mill Products,Residual,4706
2026-08-30,058616,7,Non-Alloy and Other Alloy Quarto Plates,EU,27370
2026-08-30,058617,7,Non-Alloy and Other Alloy Quarto Plates,Korea (the Republic of),8434
2026-08-30,058618,7,Non-Alloy and Other Alloy Quarto Plates,United States of America (the),189
2026-08-30,058619,7,Non-Alloy and Other Alloy Quarto Plates,Residual,926
2026-08-30,058620,12A,Alloy Merchant Bars and Light Sections,EU,12257
2026-08-30,058621,12A,Alloy Merchant Bars and Light Sections,Residual,4720
2026-08-30,058622,12B,Non Alloy Merchant Bars and Light Sections,EU,388
2026-08-30,058623,12B,Non Alloy Merchant Bars and Light Sections,Turkey,258
2026-08-30,058624,12B,Non Alloy Merchant Bars and Light Sections,Residual,0
2026-08-30,058625,13,Rebars,EU,20679
2026-08-30,058626,13,Rebars,Turkey,1809
2026-08-30,058627,13,Rebars,Residual,2
2026-08-30,058628,14,Stainless Bars and Light Sections,EU,1588
2026-08-30,058629,14,Stainless Bars and Light Sections,United States of America (the),348
2026-08-30,058630,14,Stainless Bars and Light Sections,Residual,0
2026-08-30,058634,16,Non-alloy and other alloy wire rod,EU,27322
2026-08-30,058635,16,Non-alloy and other alloy wire rod,Residual,0
2026-08-30,058636,17,"Angles, shapes, and sections of iron or non-alloy steel",EU,31561
2026-08-30,058637,17,"Angles, shapes, and sections of iron or non-alloy steel",Korea (the Republic of),728
2026-08-30,058638,17,"Angles, shapes, and sections of iron or non-alloy steel",United States of America (the),213
2026-08-30,058639,17,"Angles, shapes, and sections of iron or non-alloy steel",Residual,142
2026-08-30,058642,20,Gas Pipes,EU,2341
2026-08-30,058643,20,Gas Pipes,India,580
2026-08-30,058644,20,Gas Pipes,Turkey,2036
2026-08-30,058645,20,Gas Pipes,Residual,1214
2026-08-30,058646,21,Hollow Sections,EU,1574
2026-08-30,058647,21,Hollow Sections,Turkey,17361
2026-08-30,058648,21,Hollow Sections,Residual,2176
2026-08-31,058600,1A,Non Alloy and Other Alloy Hot Rolled Sheets and Strips,EU,57553
2026-08-31,058601,1A,Non Alloy and Other Alloy Hot Rolled Sheets and Strips,India,8053
2026-08-31,058602,1A,Non Alloy and Other Alloy Hot Rolled Sheets and Strips,Korea (the Republic of),818
2026-08-31,058603,1A,Non Alloy and Other Alloy Hot Rolled Sheets and Strips,Residual,1741
2026-08-31,058604,4,Metallic Coated Sheets,EU,59699
2026-08-31,058605,4,Metallic Coated Sheets,India,14453
2026-08-31,058606,4,Metallic Coated Sheets,Korea (the Republic of),18003
2026-08-31,058607,4,Metallic Coated Sheets,Vietnam,39063
2026-08-31,058608,4,Metallic Coated Sheets,Residual,14674
2026-08-31,058609,5,Organic Coated Sheets,EU,0
2026-08-31,058610,5,Organic Coated Sheets,Korea (the Republic of),4622
2026-08-31,058611,5,Organic Coated Sheets,Residual,0
2026-08-31,058612,6,Tin Mill Products,EU,8723
2026-08-31,058613,6,Tin Mill Products,Japan,78
2026-08-31,058614,6,Tin Mill Products,Korea (the Republic of),280
2026-08-31,058615,6,Tin Mill Products,Residual,4706
2026-08-31,058616,7,Non-Alloy and Other Alloy Quarto Plates,EU,27370
2026-08-31,058617,7,Non-Alloy and Other Alloy Quarto Plates,Korea (the Republic of),8434
2026-08-31,058618,7,Non-Alloy and Other Alloy Quarto Plates,United States of America (the),189
2026-08-31,058619,7,Non-Alloy and Other Alloy Quarto Plates,Residual,926
2026-08-31,058620,12A,Alloy Merchant Bars and Light Sections,EU,12257
2026-08-31,058621,12A,Alloy Merchant Bars and Light Sections,Residual,4720
2026-08-31,058622,12B,Non Alloy Merchant Bars and Light Sections,EU,388
2026-08-31,058623,12B,Non Alloy Merchant Bars and Light Sections,Turkey,258
2026-08-31,058624,12B,Non Alloy Merchant Bars and Light Sections,Residual,0
2026-08-31,058625,13,Rebars,EU,20679
2026-08-31,058626,13,Rebars,Turkey,1809
2026-08-31,058627,13,Rebars,Residual,2
2026-08-31,058628,14,Stainless Bars and Light Sections,EU,1588
2026-08-31,058629,14,Stainless Bars and Light Sections,United States of America (the),348
2026-08-31,058630,14,Stainless Bars and Light Sections,Residual,0
2026-08-31,058634,16,Non-alloy and other alloy wire rod,EU,27322
2026-08-31,058635,16,Non-alloy and other alloy wire rod,Residual,0
2026-08-31,058636,17,"Angles, shapes, and sections of iron or non-alloy steel",EU,31561
2026-08-31,058637,17,"Angles, shapes, and sections of iron or non-alloy steel",Korea (the Republic of),728
2026-08-31,058638,17,"Angles, shapes, and sections of iron or non-alloy steel",United States of America (the),213
2026-08-31,058639,17,"Angles, shapes, and sections of iron or non-alloy steel",Residual,142
2026-08-31,058642,20,Gas Pipes,EU,2341
2026-08-31,058643,20,Gas Pipes,India,580
2026-08-31,058644,20,Gas Pipes,Turkey,2036
2026-08-31,058645,20,Gas Pipes,Residual,1214
2026-08-31,058646,21,Hollow Sections,EU,1574
2026-08-31,058647,21,Hollow Sections,Turkey,17361
2026-08-31,058648,21,Hollow Sections,Residual,2176
2026-09-01,058600,1A,Non Alloy and Other Alloy Hot Rolled Sheets and Strips,EU,57553
2026-09-01,058601,1A,Non Alloy and Other Alloy Hot Rolled Sheets and Strips,India,8053
2026-09-01,058602,1A,Non Alloy and Other Alloy Hot Rolled Sheets and Strips,Korea (the Republic of),818
2026-09-01,058603,1A,Non Alloy and Other Alloy Hot Rolled Sheets and Strips,Residual,1741
2026-09-01,058604,4,Metallic Coated Sheets,EU,59699
2026-09-01,058605,4,Metallic Coated Sheets,India,14453
2026-09-01,058606,4,Metallic Coated Sheets,Korea (the Republic of),18003
2026-09-01,058607,4,Metallic Coated Sheets,Vietnam,39063
2026-09-01,058608,4,Metallic Coated Sheets,Residual,14674
2026-09-01,058609,5,Organic Coated Sheets,EU,0
2026-09-01,058610,5,Organic Coated Sheets,Korea (the Republic of),4622
2026-09-01,058611,5,Organic Coated Sheets,Residual,0
2026-09-01,058612,6,Tin Mill Products,EU,8723
2026-09-01,058613,6,Tin Mill Products,Japan,78
2026-09-01,058614,6,Tin Mill Products,Korea (the Republic of),280
2026-09-01,058615,6,Tin Mill Products,Residual,4706
2026-09-01,058616,7,Non-Alloy and Other Alloy Quarto Plates,EU,27370
2026-09-01,058617,7,Non-Alloy and Other Alloy Quarto Plates,Korea (the Republic of),8434
2026-09-01,058618,7,Non-Alloy and Other Alloy Quarto Plates,United States of America (the),189
2026-09-01,058619,7,Non-Alloy and Other Alloy Quarto Plates,Residual,926
2026-09-01,058620,12A,Alloy Merchant Bars and Light Sections,EU,12257
2026-09-01,058621,12A,Alloy Merchant Bars and Light Sections,Residual,4720
2026-09-01,058622,12B,Non Alloy Merchant Bars and Light Sections,EU,388
2026-09-01,058623,12B,Non Alloy Merchant Bars and Light Sections,Turkey,258
2026-09-01,058624,12B,Non Alloy Merchant Bars and Light Sections,Residual,0
2026-09-01,058625,13,Rebars,EU,20679
2026-09-01,058626,13,Rebars,Turkey,1809
2026-09-01,058627,13,Rebars,Residual,2
2026-09-01,058628,14,Stainless Bars and Light Sections,EU,1588
2026-09-01,058629,14,Stainless Bars and Light Sections,United States of America (the),348
2026-09-01,058630,14,Stainless Bars and Light Sections,Residual,0
2026-09-01,058634,16,Non-alloy and other alloy wire rod,EU,27322
2026-09-01,058635,16,Non-alloy and other alloy wire rod,Residual,0
2026-09-01,058636,17,"Angles, shapes, and sections of iron or non-alloy steel",EU,31561
2026-09-01,058637,17,"Angles, shapes, and sections of iron or non-alloy steel",Korea (the Republic of),728
2026-09-01,058638,17,"Angles, shapes, and sections of iron or non-alloy steel",United States of America (the),213
2026-09-01,058639,17,"Angles, shapes, and sections of iron or non-alloy steel",Residual,142
2026-09-01,058642,20,Gas Pipes,EU,2341
2026-09-01,058643,20,Gas Pipes,India,580
2026-09-01,058644,20,Gas Pipes,Turkey,2036
2026-09-01,058645,20,Gas Pipes,Residual,1214
2026-09-01,058646,21,Hollow Sections,EU,1574
2026-09-01,058647,21,Hollow Sections,Turkey,17361
2026-09-01,058648,21,Hollow Sections,Residual,2176
2026-09-02,058600,1A,Non Alloy and Other Alloy Hot Rolled Sheets and Strips,EU,57219
2026-09-02,058601,1A,Non Alloy and Other Alloy Hot Rolled Sheets and Strips,India,8053
2026-09-02,058602,1A,Non Alloy and Other Alloy Hot Rolled Sheets and Strips,Korea (the Republic of),818
2026-09-02,058603,1A,Non Alloy and Other Alloy Hot Rolled Sheets and Strips,Residual,1734
2026-09-02,058604,4,Metallic Coated Sheets,EU,58086
2026-09-02,058605,4,Metallic Coated Sheets,India,14453
2026-09-02,058606,4,Metallic Coated Sheets,Korea (the Republic of),18003
2026-09-02,058607,4,Metallic Coated Sheets,Vietnam,39063
2026-09-02,058608,4,Metallic Coated Sheets,Residual,14674
2026-09-02,058609,5,Organic Coated Sheets,EU,28
2026-09-02,058610,5,Organic Coated Sheets,Korea (the Republic of),4622
2026-09-02,058611,5,Organic Coated Sheets,Residual,0
2026-09-02,058612,6,Tin Mill Products,EU,8652
2026-09-02,058613,6,Tin Mill Products,Japan,78
2026-09-02,058614,6,Tin Mill Products,Korea (the Republic of),275
2026-09-02,058615,6,Tin Mill Products,Residual,4351
2026-09-02,058616,7,Non-Alloy and Other Alloy Quarto Plates,EU,25945
2026-09-02,058617,7,Non-Alloy and Other Alloy Quarto Plates,Korea (the Republic of),8434
2026-09-02,058618,7,Non-Alloy and Other Alloy Quarto Plates,United States of America (the),189
2026-09-02,058619,7,Non-Alloy and Other Alloy Quarto Plates,Residual,926
2026-09-02,058620,12A,Alloy Merchant Bars and Light Sections,EU,10586
2026-09-02,058621,12A,Alloy Merchant Bars and Light Sections,Residual,4719
2026-09-02,058622,12B,Non Alloy Merchant Bars and Light Sections,EU,326
2026-09-02,058623,12B,Non Alloy Merchant Bars and Light Sections,Turkey,258
2026-09-02,058624,12B,Non Alloy Merchant Bars and Light Sections,Residual,0
2026-09-02,058625,13,Rebars,EU,19243
2026-09-02,058626,13,Rebars,Turkey,1809
2026-09-02,058627,13,Rebars,Residual,2
2026-09-02,058628,14,Stainless Bars and Light Sections,EU,1559
2026-09-02,058629,14,Stainless Bars and Light Sections,United States of America (the),347
2026-09-02,058630,14,Stainless Bars and Light Sections,Residual,0
2026-09-02,058634,16,Non-alloy and other alloy wire rod,EU,23550
2026-09-02,058635,16,Non-alloy and other alloy wire rod,Residual,0
2026-09-02,058636,17,"Angles, shapes, and sections of iron or non-alloy steel",EU,30508
2026-09-02,058637,17,"Angles, shapes, and sections of iron or non-alloy steel",Korea (the Republic of),726
2026-09-02,058638,17,"Angles, shapes, and sections of iron or non-alloy steel",United States of America (the),213
2026-09-02,058639,17,"Angles, shapes, and sections of iron or non-alloy steel",Residual,142
2026-09-02,058642,20,Gas Pipes,EU,2306
2026-09-02,058643,20,Gas Pipes,India,580
2026-09-02,058644,20,Gas Pipes,Turkey,2036
2026-09-02,058645,20,Gas Pipes,Residual,1214
2026-09-02,058646,21,Hollow Sections,EU,1468
2026-09-02,058647,21,Hollow Sections,Turkey,17361
2026-09-02,058648,21,Hollow Sections,Residual,2176
2026-09-03,058600,1A,Non Alloy and Other Alloy Hot Rolled Sheets and Strips,EU,53408
2026-09-03,058601,1A,Non Alloy and Other Alloy Hot Rolled Sheets and Strips,India,8053
2026-09-03,058602,1A,Non Alloy and Other Alloy Hot Rolled Sheets and Strips,Korea (the Republic of),818
2026-09-03,058603,1A,Non Alloy and Other Alloy Hot Rolled Sheets and Strips,Residual,1734
2026-09-03,058604,4,Metallic Coated Sheets,EU,55264
2026-09-03,058605,4,Metallic Coated Sheets,India,14453
2026-09-03,058606,4,Metallic Coated Sheets,Korea (the Republic of),18003
2026-09-03,058607,4,Metallic Coated Sheets,Vietnam,37972
2026-09-03,058608,4,Metallic Coated Sheets,Residual,14639
2026-09-03,058609,5,Organic Coated Sheets,EU,28
2026-09-03,058610,5,Organic Coated Sheets,Korea (the Republic of),4622
2026-09-03,058611,5,Organic Coated Sheets,Residual,0
2026-09-03,058612,6,Tin Mill Products,EU,8602
2026-09-03,058613,6,Tin Mill Products,Japan,78
2026-09-03,058614,6,Tin Mill Products,Korea (the Republic of),275
2026-09-03,058615,6,Tin Mill Products,Residual,4333
2026-09-03,058616,7,Non-Alloy and Other Alloy Quarto Plates,EU,25743
2026-09-03,058617,7,Non-Alloy and Other Alloy Quarto Plates,Korea (the Republic of),8434
2026-09-03,058618,7,Non-Alloy and Other Alloy Quarto Plates,United States of America (the),189
2026-09-03,058619,7,Non-Alloy and Other Alloy Quarto Plates,Residual,926
2026-09-03,058620,12A,Alloy Merchant Bars and Light Sections,EU,10446
2026-09-03,058621,12A,Alloy Merchant Bars and Light Sections,Residual,4711
2026-09-03,058622,12B,Non Alloy Merchant Bars and Light Sections,EU,317
2026-09-03,058623,12B,Non Alloy Merchant Bars and Light Sections,Turkey,258
2026-09-03,058624,12B,Non Alloy Merchant Bars and Light Sections,Residual,0
2026-09-03,058625,13,Rebars,EU,19192
2026-09-03,058626,13,Rebars,Turkey,1809
2026-09-03,058627,13,Rebars,Residual,2
2026-09-03,058628,14,Stainless Bars and Light Sections,EU,1531
2026-09-03,058629,14,Stainless Bars and Light Sections,United States of America (the),346
2026-09-03,058630,14,Stainless Bars and Light Sections,Residual,0
2026-09-03,058634,16,Non-alloy and other alloy wire rod,EU,23265
2026-09-03,058635,16,Non-alloy and other alloy wire rod,Residual,0
2026-09-03,058636,17,"Angles, shapes, and sections of iron or non-alloy steel",EU,30484
2026-09-03,058637,17,"Angles, shapes, and sections of iron or non-alloy steel",Korea (the Republic of),726
2026-09-03,058638,17,"Angles, shapes, and sections of iron or non-alloy steel",United States of America (the),213
2026-09-03,058639,17,"Angles, shapes, and sections of iron or non-alloy steel",Residual,140
2026-09-03,058642,20,Gas Pipes,EU,2260
2026-09-03,058643,20,Gas Pipes,India,580
2026-09-03,058644,20,Gas Pipes,Turkey,1756
2026-09-03,058645,20,Gas Pipes,Residual,1214
2026-09-03,058646,21,Hollow Sections,EU,1419
2026-09-03,058647,21,Hollow Sections,Turkey,17310
2026-09-03,058648,21,Hollow Sections,Residual,2153
2026-09-04,058600,1A,Non Alloy and Other Alloy Hot Rolled Sheets and Strips,EU,53059
2026-09-04,058601,1A,Non Alloy and Other Alloy Hot Rolled Sheets and Strips,India,8053
2026-09-04,058602,1A,Non Alloy and Other Alloy Hot Rolled Sheets and Strips,Korea (the Republic of),818
2026-09-04,058603,1A,Non Alloy and Other Alloy Hot Rolled Sheets and Strips,Residual,1734
2026-09-04,058604,4,Metallic Coated Sheets,EU,52309
2026-09-04,058605,4,Metallic Coated Sheets,India,14453
2026-09-04,058606,4,Metallic Coated Sheets,Korea (the Republic of),18003
2026-09-04,058607,4,Metallic Coated Sheets,Vietnam,37972
2026-09-04,058608,4,Metallic Coated Sheets,Residual,14597
2026-09-04,058609,5,Organic Coated Sheets,EU,11
2026-09-04,058610,5,Organic Coated Sheets,Korea (the Republic of),4622
2026-09-04,058611,5,Organic Coated Sheets,Residual,0
2026-09-04,058612,6,Tin Mill Products,EU,8581
2026-09-04,058613,6,Tin Mill Products,Japan,78
2026-09-04,058614,6,Tin Mill Products,Korea (the Republic of),275
2026-09-04,058615,6,Tin Mill Products,Residual,4091
2026-09-04,058616,7,Non-Alloy and Other Alloy Quarto Plates,EU,25488
2026-09-04,058617,7,Non-Alloy and Other Alloy Quarto Plates,Korea (the Republic of),8434
2026-09-04,058618,7,Non-Alloy and Other Alloy Quarto Plates,United States of America (the),189
2026-09-04,058619,7,Non-Alloy and Other Alloy Quarto Plates,Residual,926
2026-09-04,058620,12A,Alloy Merchant Bars and Light Sections,EU,10411
2026-09-04,058621,12A,Alloy Merchant Bars and Light Sections,Residual,4709
2026-09-04,058622,12B,Non Alloy Merchant Bars and Light Sections,EU,272
2026-09-04,058623,12B,Non Alloy Merchant Bars and Light Sections,Turkey,253
2026-09-04,058624,12B,Non Alloy Merchant Bars and Light Sections,Residual,0
2026-09-04,058625,13,Rebars,EU,19171
2026-09-04,058626,13,Rebars,Turkey,1809
2026-09-04,058627,13,Rebars,Residual,2
2026-09-04,058628,14,Stainless Bars and Light Sections,EU,1523
2026-09-04,058629,14,Stainless Bars and Light Sections,United States of America (the),346
2026-09-04,058630,14,Stainless Bars and Light Sections,Residual,0
2026-09-04,058634,16,Non-alloy and other alloy wire rod,EU,23248
2026-09-04,058635,16,Non-alloy and other alloy wire rod,Residual,0
2026-09-04,058636,17,"Angles, shapes, and sections of iron or non-alloy steel",EU,29461
2026-09-04,058637,17,"Angles, shapes, and sections of iron or non-alloy steel",Korea (the Republic of),726
2026-09-04,058638,17,"Angles, shapes, and sections of iron or non-alloy steel",United States of America (the),213
2026-09-04,058639,17,"Angles, shapes, and sections of iron or non-alloy steel",Residual,140
2026-09-04,058642,20,Gas Pipes,EU,2234
2026-09-04,058643,20,Gas Pipes,India,580
2026-09-04,058644,20,Gas Pipes,Turkey,1734
2026-09-04,058645,20,Gas Pipes,Residual,1214
2026-09-04,058646,21,Hollow Sections,EU,1358
2026-09-04,058647,21,Hollow Sections,Turkey,17191
2026-09-04,058648,21,Hollow Sections,Residual,2153
2026-09-05,058600,1A,Non Alloy and Other Alloy Hot Rolled Sheets and Strips,EU,52347
2026-09-05,058601,1A,Non Alloy and Other Alloy Hot Rolled Sheets and Strips,India,8053
2026-09-05,058602,1A,Non Alloy and Other Alloy Hot Rolled Sheets and Strips,Korea (the Republic of),818
2026-09-05,058603,1A,Non Alloy and Other Alloy Hot Rolled Sheets and Strips,Residual,1734
2026-09-05,058604,4,Metallic Coated Sheets,EU,47844
2026-09-05,058605,4,Metallic Coated Sheets,India,14453
2026-09-05,058606,4,Metallic Coated Sheets,Korea (the Republic of),18003
2026-09-05,058607,4,Metallic Coated Sheets,Vietnam,37972
2026-09-05,058608,4,Metallic Coated Sheets,Residual,14579
2026-09-05,058609,5,Organic Coated Sheets,EU,10
2026-09-05,058610,5,Organic Coated Sheets,Korea (the Republic of),4622
2026-09-05,058611,5,Organic Coated Sheets,Residual,0
2026-09-05,058612,6,Tin Mill Products,EU,8554
2026-09-05,058613,6,Tin Mill Products,Japan,78
2026-09-05,058614,6,Tin Mill Products,Korea (the Republic of),275
2026-09-05,058615,6,Tin Mill Products,Residual,4041
2026-09-05,058616,7,Non-Alloy and Other Alloy Quarto Plates,EU,25231
2026-09-05,058617,7,Non-Alloy and Other Alloy Quarto Plates,Korea (the Republic of),8422
2026-09-05,058618,7,Non-Alloy and Other Alloy Quarto Plates,United States of America (the),189
2026-09-05,058619,7,Non-Alloy and Other Alloy Quarto Plates,Residual,866
2026-09-05,058620,12A,Alloy Merchant Bars and Light Sections,EU,10394
2026-09-05,058621,12A,Alloy Merchant Bars and Light Sections,Residual,4690
2026-09-05,058622,12B,Non Alloy Merchant Bars and Light Sections,EU,108
2026-09-05,058623,12B,Non Alloy Merchant Bars and Light Sections,Turkey,166
2026-09-05,058624,12B,Non Alloy Merchant Bars and Light Sections,Residual,0
2026-09-05,058625,13,Rebars,EU,19126
2026-09-05,058626,13,Rebars,Turkey,1809
2026-09-05,058627,13,Rebars,Residual,2
2026-09-05,058628,14,Stainless Bars and Light Sections,EU,1479
2026-09-05,058629,14,Stainless Bars and Light Sections,United States of America (the),346
2026-09-05,058630,14,Stainless Bars and Light Sections,Residual,0
2026-09-05,058634,16,Non-alloy and other alloy wire rod,EU,23234
2026-09-05,058635,16,Non-alloy and other alloy wire rod,Residual,0
2026-09-05,058636,17,"Angles, shapes, and sections of iron or non-alloy steel",EU,26426
2026-09-05,058637,17,"Angles, shapes, and sections of iron or non-alloy steel",Korea (the Republic of),726
2026-09-05,058638,17,"Angles, shapes, and sections of iron or non-alloy steel",United States of America (the),213
2026-09-05,058639,17,"Angles, shapes, and sections of iron or non-alloy steel",Residual,140
2026-09-05,058642,20,Gas Pipes,EU,2201
2026-09-05,058643,20,Gas Pipes,India,580
2026-09-05,058644,20,Gas Pipes,Turkey,1532
2026-09-05,058645,20,Gas Pipes,Residual,1214
2026-09-05,058646,21,Hollow Sections,EU,1356
2026-09-05,058647,21,Hollow Sections,Turkey,17141
2026-09-05,058648,21,Hollow Sections,Residual,2153
2026-09-06,058600,1A,Non Alloy and Other Alloy Hot Rolled Sheets and Strips,EU,52347
2026-09-06,058601,1A,Non Alloy and Other Alloy Hot Rolled Sheets and Strips,India,8053
2026-09-06,058602,1A,Non Alloy and Other Alloy Hot Rolled Sheets and Strips,Korea (the Republic of),818
2026-09-06,058603,1A,Non Alloy and Other Alloy Hot Rolled Sheets and Strips,Residual,1734
2026-09-06,058604,4,Metallic Coated Sheets,EU,47844
2026-09-06,058605,4,Metallic Coated Sheets,India,14453
2026-09-06,058606,4,Metallic Coated Sheets,Korea (the Republic of),18003
2026-09-06,058607,4,Metallic Coated Sheets,Vietnam,37972
2026-09-06,058608,4,Metallic Coated Sheets,Residual,14579
2026-09-06,058609,5,Organic Coated Sheets,EU,10
2026-09-06,058610,5,Organic Coated Sheets,Korea (the Republic of),4622
2026-09-06,058611,5,Organic Coated Sheets,Residual,0
2026-09-06,058612,6,Tin Mill Products,EU,8554
2026-09-06,058613,6,Tin Mill Products,Japan,78
2026-09-06,058614,6,Tin Mill Products,Korea (the Republic of),275
2026-09-06,058615,6,Tin Mill Products,Residual,4041
2026-09-06,058616,7,Non-Alloy and Other Alloy Quarto Plates,EU,25231
2026-09-06,058617,7,Non-Alloy and Other Alloy Quarto Plates,Korea (the Republic of),8422
2026-09-06,058618,7,Non-Alloy and Other Alloy Quarto Plates,United States of America (the),189
2026-09-06,058619,7,Non-Alloy and Other Alloy Quarto Plates,Residual,866
2026-09-06,058620,12A,Alloy Merchant Bars and Light Sections,EU,10394
2026-09-06,058621,12A,Alloy Merchant Bars and Light Sections,Residual,4690
2026-09-06,058622,12B,Non Alloy Merchant Bars and Light Sections,EU,108
2026-09-06,058623,12B,Non Alloy Merchant Bars and Light Sections,Turkey,166
2026-09-06,058624,12B,Non Alloy Merchant Bars and Light Sections,Residual,0
2026-09-06,058625,13,Rebars,EU,19126
2026-09-06,058626,13,Rebars,Turkey,1809
2026-09-06,058627,13,Rebars,Residual,2
2026-09-06,058628,14,Stainless Bars and Light Sections,EU,1479
2026-09-06,058629,14,Stainless Bars and Light Sections,United States of America (the),346
2026-09-06,058630,14,Stainless Bars and Light Sections,Residual,0
2026-09-06,058634,16,Non-alloy and other alloy wire rod,EU,23234
2026-09-06,058635,16,Non-alloy and other alloy wire rod,Residual,0
2026-09-06,058636,17,"Angles, shapes, and sections of iron or non-alloy steel",EU,26426
2026-09-06,058637,17,"Angles, shapes, and sections of iron or non-alloy steel",Korea (the Republic of),726
2026-09-06,058638,17,"Angles, shapes, and sections of iron or non-alloy steel",United States of America (the),213
2026-09-06,058639,17,"Angles, shapes, and sections of iron or non-alloy steel",Residual,140
2026-09-06,058642,20,Gas Pipes,EU,2201
2026-09-06,058643,20,Gas Pipes,India,580
2026-09-06,058644,20,Gas Pipes,Turkey,1532
2026-09-06,058645,20,Gas Pipes,Residual,1214
2026-09-06,058646,21,Hollow Sections,EU,1356
2026-09-06,058647,21,Hollow Sections,Turkey,17141
2026-09-06,058648,21,Hollow Sections,Residual,2153
2026-09-07,058600,1A,Non Alloy and Other Alloy Hot Rolled Sheets and Strips,EU,52347
2026-09-07,058601,1A,Non Alloy and Other Alloy Hot Rolled Sheets and Strips,India,8053
2026-09-07,058602,1A,Non Alloy and Other Alloy Hot Rolled Sheets and Strips,Korea (the Republic of),818
2026-09-07,058603,1A,Non Alloy and Other Alloy Hot Rolled Sheets and Strips,Residual,1734
2026-09-07,058604,4,Metallic Coated Sheets,EU,47844
2026-09-07,058605,4,Metallic Coated Sheets,India,14453
2026-09-07,058606,4,Metallic Coated Sheets,Korea (the Republic of),18003
2026-09-07,058607,4,Metallic Coated Sheets,Vietnam,37972
2026-09-07,058608,4,Metallic Coated Sheets,Residual,14579
2026-09-07,058609,5,Organic Coated Sheets,EU,10
2026-09-07,058610,5,Organic Coated Sheets,Korea (the Republic of),4622
2026-09-07,058611,5,Organic Coated Sheets,Residual,0
2026-09-07,058612,6,Tin Mill Products,EU,8554
2026-09-07,058613,6,Tin Mill Products,Japan,78
2026-09-07,058614,6,Tin Mill Products,Korea (the Republic of),275
2026-09-07,058615,6,Tin Mill Products,Residual,4041
2026-09-07,058616,7,Non-Alloy and Other Alloy Quarto Plates,EU,25231
2026-09-07,058617,7,Non-Alloy and Other Alloy Quarto Plates,Korea (the Republic of),8422
2026-09-07,058618,7,Non-Alloy and Other Alloy Quarto Plates,United States of America (the),189
2026-09-07,058619,7,Non-Alloy and Other Alloy Quarto Plates,Residual,866
2026-09-07,058620,12A,Alloy Merchant Bars and Light Sections,EU,10394
2026-09-07,058621,12A,Alloy Merchant Bars and Light Sections,Residual,4690
2026-09-07,058622,12B,Non Alloy Merchant Bars and Light Sections,EU,108
2026-09-07,058623,12B,Non Alloy Merchant Bars and Light Sections,Turkey,166
2026-09-07,058624,12B,Non Alloy Merchant Bars and Light Sections,Residual,0
2026-09-07,058625,13,Rebars,EU,19126
2026-09-07,058626,13,Rebars,Turkey,1809
2026-09-07,058627,13,Rebars,Residual,2
2026-09-07,058628,14,Stainless Bars and Light Sections,EU,1479
2026-09-07,058629,14,Stainless Bars and Light Sections,United States of America (the),346
2026-09-07,058630,14,Stainless Bars and Light Sections,Residual,0
2026-09-07,058634,16,Non-alloy and other alloy wire rod,EU,23234
2026-09-07,058635,16,Non-alloy and other alloy wire rod,Residual,0
2026-09-07,058636,17,"Angles, shapes, and sections of iron or non-alloy steel",EU,26426
2026-09-07,058637,17,"Angles, shapes, and sections of iron or non-alloy steel",Korea (the Republic of),726
2026-09-07,058638,17,"Angles, shapes, and sections of iron or non-alloy steel",United States of America (the),213
2026-09-07,058639,17,"Angles, shapes, and sections of iron or non-alloy steel",Residual,140
2026-09-07,058642,20,Gas Pipes,EU,2201
2026-09-07,058643,20,Gas Pipes,India,580
2026-09-07,058644,20,Gas Pipes,Turkey,1532
2026-09-07,058645,20,Gas Pipes,Residual,1214
2026-09-07,058646,21,Hollow Sections,EU,1356
2026-09-07,058647,21,Hollow Sections,Turkey,17141
2026-09-07,058648,21,Hollow Sections,Residual,2153
2026-09-08,058600,1A,Non Alloy and Other Alloy Hot Rolled Sheets and Strips,EU,51925
2026-09-08,058601,1A,Non Alloy and Other Alloy Hot Rolled Sheets and Strips,India,8053
2026-09-08,058602,1A,Non Alloy and Other Alloy Hot Rolled Sheets and Strips,Korea (the Republic of),818
2026-09-08,058603,1A,Non Alloy and Other Alloy Hot Rolled Sheets and Strips,Residual,1734
2026-09-08,058604,4,Metallic Coated Sheets,EU,47257
2026-09-08,058605,4,Metallic Coated Sheets,India,14453
2026-09-08,058606,4,Metallic Coated Sheets,Korea (the Republic of),16711
2026-09-08,058607,4,Metallic Coated Sheets,Vietnam,35872
2026-09-08,058608,4,Metallic Coated Sheets,Residual,1369
2026-09-08,058609,5,Organic Coated Sheets,EU,0
2026-09-08,058610,5,Organic Coated Sheets,Korea (the Republic of),2472
2026-09-08,058611,5,Organic Coated Sheets,Residual,0
2026-09-08,058612,6,Tin Mill Products,EU,8523
2026-09-08,058613,6,Tin Mill Products,Japan,78
2026-09-08,058614,6,Tin Mill Products,Korea (the Republic of),275
2026-09-08,058615,6,Tin Mill Products,Residual,3880
2026-09-08,058616,7,Non-Alloy and Other Alloy Quarto Plates,EU,24913
2026-09-08,058617,7,Non-Alloy and Other Alloy Quarto Plates,Korea (the Republic of),8406
2026-09-08,058618,7,Non-Alloy and Other Alloy Quarto Plates,United States of America (the),189
2026-09-08,058619,7,Non-Alloy and Other Alloy Quarto Plates,Residual,744
2026-09-08,058620,12A,Alloy Merchant Bars and Light Sections,EU,10212
2026-09-08,058621,12A,Alloy Merchant Bars and Light Sections,Residual,4689
2026-09-08,058622,12B,Non Alloy Merchant Bars and Light Sections,EU,0
2026-09-08,058623,12B,Non Alloy Merchant Bars and Light Sections,Turkey,166
2026-09-08,058624,12B,Non Alloy Merchant Bars and Light Sections,Residual,0
2026-09-08,058625,13,Rebars,EU,19103
2026-09-08,058626,13,Rebars,Turkey,1809
2026-09-08,058627,13,Rebars,Residual,2
2026-09-08,058628,14,Stainless Bars and Light Sections,EU,1433
2026-09-08,058629,14,Stainless Bars and Light Sections,United States of America (the),346
2026-09-08,058630,14,Stainless Bars and Light Sections,Residual,0
2026-09-08,058634,16,Non-alloy and other alloy wire rod,EU,23234
2026-09-08,058635,16,Non-alloy and other alloy wire rod,Residual,0
2026-09-08,058636,17,"Angles, shapes, and sections of iron or non-alloy steel",EU,24083
2026-09-08,058637,17,"Angles, shapes, and sections of iron or non-alloy steel",Korea (the Republic of),712
2026-09-08,058638,17,"Angles, shapes, and sections of iron or non-alloy steel",United States of America (the),213
2026-09-08,058639,17,"Angles, shapes, and sections of iron or non-alloy steel",Residual,121
2026-09-08,058642,20,Gas Pipes,EU,2199
2026-09-08,058643,20,Gas Pipes,India,580
2026-09-08,058644,20,Gas Pipes,Turkey,1480
2026-09-08,058645,20,Gas Pipes,Residual,1214
2026-09-08,058646,21,Hollow Sections,EU,1301
2026-09-08,058647,21,Hollow Sections,Turkey,17141
2026-09-08,058648,21,Hollow Sections,Residual,2134
2026-09-09,058600,1A,Non Alloy and Other Alloy Hot Rolled Sheets and Strips,EU,51670
2026-09-09,058601,1A,Non Alloy and Other Alloy Hot Rolled Sheets and Strips,India,8053
2026-09-09,058602,1A,Non Alloy and Other Alloy Hot Rolled Sheets and Strips,Korea (the Republic of),818
2026-09-09,058603,1A,Non Alloy and Other Alloy Hot Rolled Sheets and Strips,Residual,1734
2026-09-09,058604,4,Metallic Coated Sheets,EU,45183
2026-09-09,058605,4,Metallic Coated Sheets,India,14453
2026-09-09,058606,4,Metallic Coated Sheets,Korea (the Republic of),16711
2026-09-09,058607,4,Metallic Coated Sheets,Vietnam,35872
2026-09-09,058608,4,Metallic Coated Sheets,Residual,1292
2026-09-09,058609,5,Organic Coated Sheets,EU,0
2026-09-09,058610,5,Organic Coated Sheets,Korea (the Republic of),2472
2026-09-09,058611,5,Organic Coated Sheets,Residual,0
2026-09-09,058612,6,Tin Mill Products,EU,8483
2026-09-09,058613,6,Tin Mill Products,Japan,78
2026-09-09,058614,6,Tin Mill Products,Korea (the Republic of),239
2026-09-09,058615,6,Tin Mill Products,Residual,3857
2026-09-09,058616,7,Non-Alloy and Other Alloy Quarto Plates,EU,24793
2026-09-09,058617,7,Non-Alloy and Other Alloy Quarto Plates,Korea (the Republic of),8392
2026-09-09,058618,7,Non-Alloy and Other Alloy Quarto Plates,United States of America (the),189
2026-09-09,058619,7,Non-Alloy and Other Alloy Quarto Plates,Residual,744
2026-09-09,058620,12A,Alloy Merchant Bars and Light Sections,EU,10067
2026-09-09,058621,12A,Alloy Merchant Bars and Light Sections,Residual,4689
2026-09-09,058622,12B,Non Alloy Merchant Bars and Light Sections,EU,0
2026-09-09,058623,12B,Non Alloy Merchant Bars and Light Sections,Turkey,166
2026-09-09,058624,12B,Non Alloy Merchant Bars and Light Sections,Residual,0
2026-09-09,058625,13,Rebars,EU,18204
2026-09-09,058626,13,Rebars,Turkey,1809
2026-09-09,058627,13,Rebars,Residual,2
2026-09-09,058628,14,Stainless Bars and Light Sections,EU,1417
2026-09-09,058629,14,Stainless Bars and Light Sections,United States of America (the),346
2026-09-09,058630,14,Stainless Bars and Light Sections,Residual,0
2026-09-09,058634,16,Non-alloy and other alloy wire rod,EU,22269
2026-09-09,058635,16,Non-alloy and other alloy wire rod,Residual,0
2026-09-09,058636,17,"Angles, shapes, and sections of iron or non-alloy steel",EU,24063
2026-09-09,058637,17,"Angles, shapes, and sections of iron or non-alloy steel",Korea (the Republic of),712
2026-09-09,058638,17,"Angles, shapes, and sections of iron or non-alloy steel",United States of America (the),213
2026-09-09,058639,17,"Angles, shapes, and sections of iron or non-alloy steel",Residual,121
2026-09-09,058642,20,Gas Pipes,EU,2160
2026-09-09,058643,20,Gas Pipes,India,502
2026-09-09,058644,20,Gas Pipes,Turkey,1351
2026-09-09,058645,20,Gas Pipes,Residual,1214
2026-09-09,058646,21,Hollow Sections,EU,1301
2026-09-09,058647,21,Hollow Sections,Turkey,17141
2026-09-09,058648,21,Hollow Sections,Residual,2134
2026-09-10,058600,1A,Non Alloy and Other Alloy Hot Rolled Sheets and Strips,EU,51460
2026-09-10,058601,1A,Non Alloy and Other Alloy Hot Rolled Sheets and Strips,India,8053
2026-09-10,058602,1A,Non Alloy and Other Alloy Hot Rolled Sheets and Strips,Korea (the Republic of),818
2026-09-10,058603,1A,Non Alloy and Other Alloy Hot Rolled Sheets and Strips,Residual,1734
2026-09-10,058604,4,Metallic Coated Sheets,EU,43184
2026-09-10,058605,4,Metallic Coated Sheets,India,14453
2026-09-10,058606,4,Metallic Coated Sheets,Korea (the Republic of),16647
2026-09-10,058607,4,Metallic Coated Sheets,Vietnam,35872
2026-09-10,058608,4,Metallic Coated Sheets,Residual,1238
2026-09-10,058609,5,Organic Coated Sheets,EU,0
2026-09-10,058610,5,Organic Coated Sheets,Korea (the Republic of),2472
2026-09-10,058611,5,Organic Coated Sheets,Residual,0
2026-09-10,058612,6,Tin Mill Products,EU,8457
2026-09-10,058613,6,Tin Mill Products,Japan,78
2026-09-10,058614,6,Tin Mill Products,Korea (the Republic of),239
2026-09-10,058615,6,Tin Mill Products,Residual,3857
2026-09-10,058616,7,Non-Alloy and Other Alloy Quarto Plates,EU,24617
2026-09-10,058617,7,Non-Alloy and Other Alloy Quarto Plates,Korea (the Republic of),8392
2026-09-10,058618,7,Non-Alloy and Other Alloy Quarto Plates,United States of America (the),189
2026-09-10,058619,7,Non-Alloy and Other Alloy Quarto Plates,Residual,716
2026-09-10,058620,12A,Alloy Merchant Bars and Light Sections,EU,9902
2026-09-10,058621,12A,Alloy Merchant Bars and Light Sections,Residual,4689
2026-09-10,058622,12B,Non Alloy Merchant Bars and Light Sections,EU,0
2026-09-10,058623,12B,Non Alloy Merchant Bars and Light Sections,Turkey,166
2026-09-10,058624,12B,Non Alloy Merchant Bars and Light Sections,Residual,0
2026-09-10,058625,13,Rebars,EU,16829
2026-09-10,058626,13,Rebars,Turkey,1809
2026-09-10,058627,13,Rebars,Residual,2
2026-09-10,058628,14,Stainless Bars and Light Sections,EU,1376
2026-09-10,058629,14,Stainless Bars and Light Sections,United States of America (the),346
2026-09-10,058630,14,Stainless Bars and Light Sections,Residual,0
2026-09-10,058634,16,Non-alloy and other alloy wire rod,EU,21761
2026-09-10,058635,16,Non-alloy and other alloy wire rod,Residual,0
2026-09-10,058636,17,"Angles, shapes, and sections of iron or non-alloy steel",EU,24063
2026-09-10,058637,17,"Angles, shapes, and sections of iron or non-alloy steel",Korea (the Republic of),712
2026-09-10,058638,17,"Angles, shapes, and sections of iron or non-alloy steel",United States of America (the),213
2026-09-10,058639,17,"Angles, shapes, and sections of iron or non-alloy steel",Residual,121
2026-09-10,058642,20,Gas Pipes,EU,2160
2026-09-10,058643,20,Gas Pipes,India,447
2026-09-10,058644,20,Gas Pipes,Turkey,1351
2026-09-10,058645,20,Gas Pipes,Residual,1214
2026-09-10,058646,21,Hollow Sections,EU,1277
2026-09-10,058647,21,Hollow Sections,Turkey,17141
2026-09-10,058648,21,Hollow Sections,Residual,2134
2026-09-11,058600,1A,Non Alloy and Other Alloy Hot Rolled Sheets and Strips,EU,49188
2026-09-11,058601,1A,Non Alloy and Other Alloy Hot Rolled Sheets and Strips,India,8053
2026-09-11,058602,1A,Non Alloy and Other Alloy Hot Rolled Sheets and Strips,Korea (the Republic of),818
2026-09-11,058603,1A,Non Alloy and Other Alloy Hot Rolled Sheets and Strips,Residual,1733
2026-09-11,058604,4,Metallic Coated Sheets,EU,41343
2026-09-11,058605,4,Metallic Coated Sheets,India,14453
2026-09-11,058606,4,Metallic Coated Sheets,Korea (the Republic of),16647
2026-09-11,058607,4,Metallic Coated Sheets,Vietnam,35872
2026-09-11,058608,4,Metallic Coated Sheets,Residual,1289
2026-09-11,058609,5,Organic Coated Sheets,EU,0
2026-09-11,058610,5,Organic Coated Sheets,Korea (the Republic of),803
2026-09-11,058611,5,Organic Coated Sheets,Residual,0
2026-09-11,058612,6,Tin Mill Products,EU,8419
2026-09-11,058613,6,Tin Mill Products,Japan,78
2026-09-11,058614,6,Tin Mill Products,Korea (the Republic of),239
2026-09-11,058615,6,Tin Mill Products,Residual,3857
2026-09-11,058616,7,Non-Alloy and Other Alloy Quarto Plates,EU,23626
2026-09-11,058617,7,Non-Alloy and Other Alloy Quarto Plates,Korea (the Republic of),8366
2026-09-11,058618,7,Non-Alloy and Other Alloy Quarto Plates,United States of America (the),189
2026-09-11,058619,7,Non-Alloy and Other Alloy Quarto Plates,Residual,710
2026-09-11,058620,12A,Alloy Merchant Bars and Light Sections,EU,9839
2026-09-11,058621,12A,Alloy Merchant Bars and Light Sections,Residual,4689
2026-09-11,058622,12B,Non Alloy Merchant Bars and Light Sections,EU,0
2026-09-11,058623,12B,Non Alloy Merchant Bars and Light Sections,Turkey,166
2026-09-11,058624,12B,Non Alloy Merchant Bars and Light Sections,Residual,0
2026-09-11,058625,13,Rebars,EU,16829
2026-09-11,058626,13,Rebars,Turkey,1809
2026-09-11,058627,13,Rebars,Residual,2
2026-09-11,058628,14,Stainless Bars and Light Sections,EU,1368
2026-09-11,058629,14,Stainless Bars and Light Sections,United States of America (the),342
2026-09-11,058630,14,Stainless Bars and Light Sections,Residual,0
2026-09-11,058634,16,Non-alloy and other alloy wire rod,EU,21741
2026-09-11,058635,16,Non-alloy and other alloy wire rod,Residual,0
2026-09-11,058636,17,"Angles, shapes, and sections of iron or non-alloy steel",EU,23903
2026-09-11,058637,17,"Angles, shapes, and sections of iron or non-alloy steel",Korea (the Republic of),711
2026-09-11,058638,17,"Angles, shapes, and sections of iron or non-alloy steel",United States of America (the),213
2026-09-11,058639,17,"Angles, shapes, and sections of iron or non-alloy steel",Residual,121
2026-09-11,058642,20,Gas Pipes,EU,2159
2026-09-11,058643,20,Gas Pipes,India,447
2026-09-11,058644,20,Gas Pipes,Turkey,1351
2026-09-11,058645,20,Gas Pipes,Residual,1211
2026-09-11,058646,21,Hollow Sections,EU,1233
2026-09-11,058647,21,Hollow Sections,Turkey,17141
2026-09-11,058648,21,Hollow Sections,Residual,2134
2026-09-12,058600,1A,Non Alloy and Other Alloy Hot Rolled Sheets and Strips,EU,47889
2026-09-12,058601,1A,Non Alloy and Other Alloy Hot Rolled Sheets and Strips,India,8053
2026-09-12,058602,1A,Non Alloy and Other Alloy Hot Rolled Sheets and Strips,Korea (the Republic of),818
2026-09-12,058603,1A,Non Alloy and Other Alloy Hot Rolled Sheets and Strips,Residual,1733
2026-09-12,058604,4,Metallic Coated Sheets,EU,40865
2026-09-12,058605,4,Metallic Coated Sheets,India,14453
2026-09-12,058606,4,Metallic Coated Sheets,Korea (the Republic of),16647
2026-09-12,058607,4,Metallic Coated Sheets,Vietnam,35872
2026-09-12,058608,4,Metallic Coated Sheets,Residual,1110
2026-09-12,058609,5,Organic Coated Sheets,EU,0
2026-09-12,058610,5,Organic Coated Sheets,Korea (the Republic of),803
2026-09-12,058611,5,Organic Coated Sheets,Residual,0
2026-09-12,058612,6,Tin Mill Products,EU,8395
2026-09-12,058613,6,Tin Mill Products,Japan,78
2026-09-12,058614,6,Tin Mill Products,Korea (the Republic of),239
2026-09-12,058615,6,Tin Mill Products,Residual,3857
2026-09-12,058616,7,Non-Alloy and Other Alloy Quarto Plates,EU,23195
2026-09-12,058617,7,Non-Alloy and Other Alloy Quarto Plates,Korea (the Republic of),8366
2026-09-12,058618,7,Non-Alloy and Other Alloy Quarto Plates,United States of America (the),189
2026-09-12,058619,7,Non-Alloy and Other Alloy Quarto Plates,Residual,658
2026-09-12,058620,12A,Alloy Merchant Bars and Light Sections,EU,9596
2026-09-12,058621,12A,Alloy Merchant Bars and Light Sections,Residual,4679
2026-09-12,058622,12B,Non Alloy Merchant Bars and Light Sections,EU,0
2026-09-12,058623,12B,Non Alloy Merchant Bars and Light Sections,Turkey,166
2026-09-12,058624,12B,Non Alloy Merchant Bars and Light Sections,Residual,0
2026-09-12,058625,13,Rebars,EU,16815
2026-09-12,058626,13,Rebars,Turkey,1809
2026-09-12,058627,13,Rebars,Residual,2
2026-09-12,058628,14,Stainless Bars and Light Sections,EU,1231
2026-09-12,058629,14,Stainless Bars and Light Sections,United States of America (the),342
2026-09-12,058630,14,Stainless Bars and Light Sections,Residual,0
2026-09-12,058634,16,Non-alloy and other alloy wire rod,EU,21741
2026-09-12,058635,16,Non-alloy and other alloy wire rod,Residual,0
2026-09-12,058636,17,"Angles, shapes, and sections of iron or non-alloy steel",EU,23580
2026-09-12,058637,17,"Angles, shapes, and sections of iron or non-alloy steel",Korea (the Republic of),711
2026-09-12,058638,17,"Angles, shapes, and sections of iron or non-alloy steel",United States of America (the),213
2026-09-12,058639,17,"Angles, shapes, and sections of iron or non-alloy steel",Residual,121
2026-09-12,058642,20,Gas Pipes,EU,2158
2026-09-12,058643,20,Gas Pipes,India,447
2026-09-12,058644,20,Gas Pipes,Turkey,1351
2026-09-12,058645,20,Gas Pipes,Residual,1211
2026-09-12,058646,21,Hollow Sections,EU,1222
2026-09-12,058647,21,Hollow Sections,Turkey,17141
2026-09-12,058648,21,Hollow Sections,Residual,2129
